Abbreviation,Term
A,Alpha/Amber (AWY Designator ) / Absolute Temperature
A/A,Air to Air
A/BRK,Autobrake
A/C,Aircraft
A,Alpha/Amber (AWY Designator ) / Absolute Temperature
A/A,Air to Air
A/G,Air to Ground
A01,Auto OBS no Precipitation INFO and without Human Intervention
A02,Auto OBS without Human Intervention
AA,Adequate Aerodrome / Approach Angle
AAA,(AAB, AAC, ...) Amended MET Message
AAC,Aeronautical Center
AAD,Assigned Altitude Deviation
AAE,Above Aerodrome Elevation
AAF,Army Air Field
AAI,Three Color Angle of Approach Indicator
AAL,Above Aerodrome Level
AARA,Air to Air Refuelling Area
AAS,Airport Advisory Service
AB,Airborne / Airbase
ABAS,Aircraft-Based Augmentation System
ABB,Abbreviations
ABI,Advance Boundary Information
ABM,Abeam
ABN,Aerodrome Beacon
ABS,Auto Brake System
ABT,About
ABV,Above
AC,Advisory Circular / Altocumulus
ACA,Approach Control Area / Arctic Control Area
ACARS,ACFT Communication Addressing and Reporting System
ACAS,Airborne Collision Avoidance System
ACC,Area Control Center or Area Control / Altocumulus Castellanus
ACCID,Notification of an ACFT Accident
ACCUM,Accumulate
ACDNT,Accident
ACFF,Aeorodrome Category for Rescue and Fire Fighting
ACFT,Aircraft
ACK,Acknowledge
ACL,Altimeter Check Location
ACM,ATC Communication Management
ACN,ACFT Classification Number
ACNOT,Accident Notice
ACP,Acceptance / Altimeter Check Point
ACPT,Accept / Accepted
ACR,Approach Control Radar
ACT,Active / Activated / Activity / Actual
AD,Aerodrome
ADA,Advisory Area
ADAS,ACFT Data Acquisition System
ADC,Aerodrome Chart / Air Defence Clearance
ADD,Acceptable Deferred Defect
ADDN,Addition / Additional
ADF,Automatic Direction Finding Equipment / Automatic Direction Finder
ADG,Airplane Design Group (FAA)
ADIRS,Air Data Inertial Reference System
ADIZ,Air Defence Identification Zone
ADJ,Adjacent
ADM,Administration
ADNS,ARINC Data Network Service
ADR,Advisory Route
ADS,Automatic Dependent Surveillance / Advisory Services
ADS,WPR Automatic Dependent Surveillance Waypoint Position Reporting
ADS-B,Automatic Dependent Surveillance - Broadcast
ADS-C,Automatic Dependent Surveillance - Contract
ADT,Approved (aimed) Departure Time
ADVS,Advisory Service
ADZ,Advise
AEIS,Aeronautical En-Route Information Service
AER,Approach End Runway
AES,Aerodrome Emergency Service
AF,Air Force
AFB,Air Force Base
AFC,Airport Facility Chart
AFCS,Automatic Flight Control System
AFDS,Autopilot Flight Director System
AFE,Above Field Elevation
AFI,Africa Region
AFIL,Flight Plan Filed in the Air
AFIS,Aerodrome Flight Information Service
AFM,ACFT Flight Manual
AFN,ATS Facility Notification
AFS,Aeronautical Fixed Service
AFSS,Automated Flight Service Station
AFT,After
AFTN,Aeronautical Fixed Telecommunication Network
AFWA,Automatic Flight Weather Advisory
AGA,Aerodromes, Air Routes and Ground Aids
AGC,Airport Ground Chart
AGCS,Air Ground Communication System
AGL,Above Ground Level
AGN,Again
AGNIS,Azimuth Guidance for Nose-in Stand
AHD,Ahead
AIAA,Area of Intense Air Activity
AIC,Aeronautical Information Circular
AIDC,ATC Inter-Facility Ground/Ground Data Communications
AIM,Airmen Information Manual / Air Traffic Flow Management Information Message
AIM - FANS,Airbus Interoperable Modular - Future Air Navigation System
AIME,Autonomous Integrity Monitored Extrapolation
AINS,Area Inertial Navigation System
AIP,Aeronautical Information Publication
AIRAC,Aeronautical Information Regulation and Control
AIREP,Air-Report
AIRMET,Low Level En-Route Weather
AIS,Aeronautical Information Service
AL,Autoland
ALA,Alighting Area
ALD,Available Landing Distance
ALERFA,Alert Phase
ALF,Aloft
ALRS,Alerting Service
ALS,Approach Lighting System / Automatic Landing System
ALSF-1,Approach Light System with Sequenced Flashing Lights
ALSF-2,Approach Light System with Sequenced Flashing Lights and Red Side Row Lights
ALSTG,Altimeter Setting
ALT,Altitude
ALTM,Altimeter
ALTN,Alternate
AM,Amplitude Modulated
AMA,Area Minimum Altitude
AMC,ATC Microphone Check
AMD,Amended METEO Message
AMDT,Amendment
AME,Aviation Medical Examiner
AMM,ACFT Maintenance Manual
AMS,Aeronautical Mobile Service
AMSL,Above Mean Sea Level
AMT,Average Magnetic Track
AMU,Audio Management Unit
ANC,Aeronautical Chart
ANM,ATFM Notification Message
ANS,Area Navigation System
AO,ACFT Operator
AOBT,Actual Off-Block Time
AOC,Aerodrome Obstacle Chart / Airline Operations Communications / Air Operator Certificate
AOE,Airport of Entry
AOG,ACFT on Ground (grounded ACFT)
AOI,Airport Operational Information
AOM,ACFT Operations Manual
AOR,Area of Responsibility
AORRA,Atlantic Ocean Random Routing RNAV Area
AP,Airport / Auto Pilot
APAP,Approach Path Alignment Panel
APAPI,Abbreviated Precision Path Indicator
APC,Airport Parking Chart / Area Positive Control
APCH,Approach
APDC,ACFT Parking/Docking Chart
APIS,ACFT Parking & Information System
APL,Approach Lights
APN,Apron
APP,Approach Control Service
APR,April / Automatic Power Reserve / ACFT Position Report
APRNT,Apparent
APRX,Approximate / Approximately
APT,Airport
APU,Auxiliary Power Unit
APV,Approach Procedure with Vertical Guidance / Approved
AQP,Advanced Qualification Program
AR,Authorization Required
ARCAL,ACFT Radio Control of Aerodrome Lighting
ARCID,ACFT Identification
ARFF,Airport/ACFT Rescue Fire Fighting
ARFOR,Area Forecast
ARINC,Aeronautical Radio Incorporated
ARN,ATS Trunk Route Network
ARO,Air Traffic Services Reporting Office
ARP,Aerodrome Reference Point / Routine Report / AIREP
ARR,Arrive / Arrival
ARS,Special Air-Report
ARST,Arresting
ARTC,Air Route Traffic Control
ARTCC,Air Route Traffic Control Center
AS,Altostratus
ASAP,As Soon As Possible
ASC,Ascent to
ASDA,Accelerate-Stop Distance Available
ASDE,Airport Surface Detection Equipment
ASHTAM,Special NOTAM Concerning Volcanic Ashes
ASIA,Asia Region
ASL,Above Sea Level
ASM,ACFT Serviceability Message
ASOS,Automated Surface Observing System
ASP,Airspace
ASPH,Asphalt
ASR,Airport Surveillance Radar
ASU,Air Starter Unit
ARTE,Above Runway Threshold Elevation

AT,Auto Throttle
ATA,Actual Time of Arrival / Aerial Tactics Area
ATC,Air Traffic Control
ATCC,Air Traffic Control Center
ATD,Actual Time of Departure
ATFM,Air Traffic Flow Management
ATIS,Automatic Terminal Information Service
ATM,Air Traffic Management
ATN,Aeronautical Telecommunication Network
ATN B1,Aeronautical Telecommunication Network Baseline 1 (data link)
ATO,Actual Time Over
ATOP,Advanced Technologies and Oceanic Procedures
ATOT,Actual Take-Off Time
ATP,Air Traffic Procedure
ATPL,Airline Transport Pilot Licence
ATQP,Advanced Training Qualification Program
ATS,Air Traffic Service
ATSU,Air Traffic Services Unit
ATTN,Attention
AT-VASIS, Abbreviated T Visual Approach Slope Indicator System
ATZ,Aerodrome Traffic Zone
AU,Approach UNICOM
AUG,August
AUSOTS,Australian Organized Track Structure
AUTH,Authorized
AUTO,Automatic
AUTO,Report from automated station
AUW,All Up Weight
AUX,Auxiliary
AVASIS,Abbreviated Visual Approach Slope Indicator System
AVBL,Available
AVG,Average
AVGAS,Aviation Gasoline
AWIB,Automatic Weather Information Broadcast / Aerodrome Weather Information Broadcast
AWIS,Automated Weather Information System / Aviation Weather Information Service
AWOS,Automated Weather Observing System
AWSS,Automated Weather Sensor System
AED,Automatic External Defibrillator
AWUT,Allocated Wheels-Up Time
AWW,Severe Weather Watch Alert Message
AWY,Airway
AZM,Azimuth
A/G,Air to Ground
A/P,Autopilot
AP,Autopilot
A/S,Airspeed
A/SKID,Anti-skid
A/THR,Auto Thrust
A01,Auto OBS no Precipitation INFO and without Human Intervention
A02,Auto OBS without Human Intervention
AA,Adequate Aerodrome / Approach Angle
AAA,Amended MET Message
AAC,Aeronautical Center
AAD,Assigned Altitude Deviation
AAE,Above Aerodrome Elevation
AAF,Army Air Field
AI,Anti-Ice
AAI,Three Color Angle of Approach Indicator
AAL,Above Aerodrome Level
AAP,Aft Attendant Panel 
AAR,Aircraft Allocation table
AARA,Air to Air Refuelling Area
AAS,Airport Advisory Service
AB,Airborne / Airbase
ABAS,Aircraft-Based Augmentation System
ABB,Abbreviations
ABI,Advance Boundary Information
ABM,Abeam
ABN,Aerodrome Beacon
ABS,Auto Brake System
ABT,About
ABV,Above 
AC,Alternating Current
ACA,Approach Control Area / Arctic Control Area
ACARS,ARINC Communication Addressing and Reporting System
ACAS,Airborne Collision Avoidance System
ACC,Area Control Center or Area Control / Altocumulus Castellanus
ACCID,Notification of an ACFT Accident
ACCEL,Acceleration
ACCU,Accumulator
ACCUM,Accumulate
ACDNT,Accident
ACFF,Aeorodrome Category for Rescue and Fire Fighting
ACFT,Aircraft
ACL,Altimeter Check Location
ACM,ATC Communication Management
ACMS,Aircraft Condition Monitoring System
ACN,ACFT Classification Number
ACNOT,Accident Notice
ACP,Acceptance / Altimeter Check Point
ACPT,Accept / Accepted
ACK,Acknowledge
ACQ,Acquire
ACT,Active / Activated / Activity / Actual
ACR,Approach Control Radar
AD,Aerodrome
ADA,Advisory Area
ADAS,ACFT Data Acquisition System
ADC,Aerodrome Chart / Air Defence Clearance
ADD,Acceptable Deferred Defect
ADDN,Addition / Additional
ADF,Automatic Direction Finding Equipment / Automatic Direction Finder
ADG,Airplane Design Group (FAA)
ADIRS,Air Data Inertial Reference System
ADIRU,Air Data Inertial Reference Unit
ADIZ,Air Defence Identification Zone
ADJ,Adjacent
ADM,Administration
ADNS,ARINC Data Network Service
ADR,Advisory Route
ADS,Automatic Dependent Surveillance / Advisory Services
ADS WPR,Automatic Dependent Surveillance Waypoint Position Reporting
ADS-B,Automatic Dependent Surveillance - Broadcast
ADS-C,Automatic Dependent Surveillance - Contract
ADT,Approved (aimed) Departure Time
ADV,Advisory
ADVS,Advisory Service
ADZ,Advise
AEVC,Avionic Equipment Ventilation Controller
AEIS,Aeronautical En-Route Information Service
AER,Approach End Runway
AES,Aerodrome Emergency Service
AF,Air Force
AFB,Air Force Base
AFC,Airport Facility Chart
AFCS,Automatic Flight Control System
AFDS,Autopilot Flight Director System
AFE,Above Field Elevation
AFI,Africa Region
AFIL,Flight Plan Filed in the Air
AFIS,Aerodrome Flight Information Service
AFM,ACFT Flight Manual
AFN,ATS Facility Notification
AFS,Aeronautical Fixed Service
AFSS,Automated Flight Service Station
AFT,After
AFTN,Aeronautical Fixed Telecommunication Network
AFWA,Automatic Flight Weather Advisory
AGA,Aerodromes, Air Routes and Ground Aids
AGC,Airport Ground Chart
AGCS,Air Ground Communication System
AGL,Above Ground Level
AGN,Again
AGNIS,Azimuth Guidance for Nose-in Stand
AHD,Ahead
AIAA,Area of Intense Air Activity
AIC,Aeronautical Information Circular
AIDC,ATC Inter-Facility Ground/Ground Data Communications
AIDS,Aircraft Integrated Data System
AIL,Aileron
AIM,Airmen Information Manual / Air Traffic Flow Management Information Message
AIM - FANS,Airbus Interoperable Modular - Future Air Navigation System
AIME,Autonomous Integrity Monitored Extrapolation
AINS,Area Inertial Navigation System
AIP,Aeronautical Information Publication
AIRAC,Aeronautical Information Regulation and Control
AIRB,Airborne
AIREP,Air-Report
AIRMET,Low Level En-Route Weather
AIS,Aeronautical Information Service
AL,Autoland
ALA,Alighting Area
ALD,Available Landing Distance
ALT,Altitude
ALTN,Alternate
AMI,Airline Modifiable Information
AMJ,Advisory Material Joint
AMU,Audio Management Unit
ANSU,Aircraft Network Server Unit
ANT,Antenna
AOA,Angle Of Attack
AOC,Airline Operational Control
APP,Approach
APPR,Approach
APPU,Assymetry Position Pick-off Unit
APU,Auxiliary Power Unit
AR,Authorization Required
ARINC,Aeronautical Radio Incorporated
ARN,Aircraft Registration Number
ARPT,Airport
ARS,Automatic Retraction System
ASAP,As Soon As Possible
ASI,Air Speed Indicator
ATA,Air Transport Association of America
ATC,Air Traffic Control
ATIS,Airbus Technical Information System
ATSAW,Airborne Traffic Situational Awareness
ATSU,Air Traffic Service Unit
ATT,Attitude
AUTO,Automatic
AVNCS,Avionics
AWY,Airway
A/P,Autopilot
A/S,Airspeed
A/T,Autothrottle
AAL,Above Aerodrome Level
ABN,Abnormal
AC,Alternating Current
ACARS,Aircraft Communications Addressing and Reporting System
ACCUM,Accumulator
ACE,Actuator Control Electronics
ACIPS,Airfoil And Cowl Ice Protection System
ACM,Air Cycle Machine
ACMDP,AC Motor Driven Pump
ACMF,Airplane Conditioning Monitoring Function
ACMS,Aircraft Condition Monitoring System
ACP,Audio Control Panel
ACT,Active
ADC,Air Data Computer
ADF,Automatic Direction Finder Automatic Direction Finding
ADI,Attitude Director Indicator
ADIRS,Air Data Inertial  Reference System
ADIRU,Air Data Inertial  Reference Unit
ADM,Air Data Module
ADP,Air Driven DemandHydraulic Pump /Air DrivenPump
ADU,Air Drive Unit
AFCS,Automatic Flight Control System
AFDC,Auto Pilot Flight Director Computer
AFDS,Auto Pilot Flight Director System
AFE,Above Field Elevation
AFM,Airplane Flight Manual(FAA Approved)
AFM - DPI,Airplane Flight Manual - Digital Performance Information
AFS,Automatic Flight System
AGL,Above Ground Level
AGS,Air/Ground System
AH,Alert Height
AI,Anti-Ice
AIL,Aileron
AIMS,Aircraft Information Management System
ALT,Altitude
ALT ACQ,Altitude Acquire
ALT HOLD,Altitude Hold
ALTN,Alternate
AM,Amplitude Modulation
AMI,Airline Modifiable Information
AMM,Aircraft Maintenance Manual
AMP,Ampere
AMU,Audio Management Unit
ANP,Actual Navigation Peformance
ANT,Antena
AOA,Angle of Attack
APB,Auxiliary Power Breaker
APD,Approch Progress Display
APP,Approch
APPR,Approch
APT,APU-to-Pack Takeoff
APU,Auxiliary Power Unit
APUC,Auxiliary Power Unit Controller
ARINC,Aeronautical Radio Incorporated
ARPT,Airport
ARR,Arrival
ASA,Autoland Status Annunciator
ASCPC,Air Supply Cabin Pressure Controller
ASG,ARINC Signal Gateway
ASI,Air Speed Indicator
ASR,Air Safety Report Airborne Surveillance Radar
ATA,Actual Time of Arrival
Air,Transport Association
ATC,Air Traffic Control
ATIS,Automatic Terminal Information Service
ATM,Assumed Temerature Method
ATT,Attitude
AUTO,Automatic
AUX,Auxiliary
AVAIL,Available
AVM,Airborne Vibration Monitor
ADI,Attitude Director Indicator
AIMS,Airplane Information Management System
ANP,Actual Navigational Performance
ASYM,Asymmetry
A/T,Autothrottle
AVAIL,Available

B/C,Back Course
BBAND,Broadband
BCL,Battery Charge Limiter
BCM,Back-up Control Module
BCRC,Bulk Crew Rest Compartment
BCU,Backup Control Unit
BEFPR,Break-Even Fuel Price Ratio
BITE,Built-In Test Equipment
BMC,Bleed Monitoring Computer
BNR,Binary
BRG,Bearing
BRK,Brake
B,Bravo/Blue (AWY Designator) / ACFT Approach Category
BA,Braking Action
BALS,Basic Approach Light System
BAROVNAV,Barometric Vertical Navigation
BASE,Cloud Base
BB,Backbeam
BB-LOC,Backbeam Localizer
BC Back,Course (ILS) / Patches
BCFG,Fog Patches
BCM,Back Course Marker
BCN,Beacon
BCN,Broken
BCST,Broadcast
BDRY,Boundary
BECMG,Becoming
BFR,Before
BGN,Began or Begin
BIRDTAM,Special NOTAM Concerning Bird Activity
BKN,Broken
BL,Bleed / Blowing
BL,Blowing
BLDG,Building
BLO,Below Clouds
BLZD,Blizzard
BM,Backbeam Marker
BND,Bound
BOBCAT,Bay of Bengal Cooperative Air Traffic Flow Management System
BOMB,Bombing
BOTA,Brest Oceanic Transition Area
BPOC,Before Proceding On Course
BR,Mist
BRAF,Braking Action Fair
BRAG,Braking Action Good
BRAN,Braking Action Nil
BRAP,Braking Action Poor
BRF,Brief / Short
BRG,Bearing
BRKG,Braking
B-RNAV,Basic Area Navigation
B-RNP1,Basic RNP 1
BS,Commercial Broadcast Station
BSR,Blue Spruce Routes
BTL,Between Layers
BTN,Between
BTL DISCH,Bottle Discharge
BTPD,Body Temperature, Pressure Dry
BTPS,Body Temperature, Pressure Saturated
BUL,Bulletin
BYD,Beyond
BSCU,Braking Steering Control Unit
BTC,Bus Tie Contactor
B/D,Back Dive
BAP,Bank Angle Protection
BARO,Barometric
BAT,Battery
BATT,Battery
BCRS,Back Course
BDS,Backdrive Actuator
BI,Basic Index
BITE,Built-in Test Equipment
BPCU,Bus Power Control Unit
BRG,Bearing
BRT,Bright
BTB,Bus Tie Breaker(s)
BTL DISCH,Bottle Discharge (fire extinguishers)
BW,Basic Weight
BARO,Barometric
BAT,Battery
BFO,Beat Frequency Oscillator
BLD,Bleed
BLW,Below
BRG,Bearing
BRT,Bright
BTL,Bottle
BC,Patches


C/B,Circuit Breaker
CB,Circuit Breaker
C/L,Checklist
CL,Checklist
CAM,Cabin Assignment Module
CAPT,Captain Capture
CAS,Calibrated Airspeed
CAT,Category
CBMU,Circuit Breaker Monitoring Unit
CCOM,Cabin Crew Operating Manual
CCRC,Cabin Crew Rest Compartment
CDL,Configuration Deviation List
CDLS,Cockpit Door Locking System
CDSS,Cockpit Door Surveillance System
CDU,Control Display Unit
CED,Cooling Effect Detector
CF,Cost of Fuel
CG,Center of Gravity
CHG,Change
CHK,Check
CI,Cost Index
CIDS,Cabin Intercommunication Data System
CINS,Cabin Information Network System
CKPT,Cockpit
CLB,Climb
CLR,Clear
CLSD,Closed
CM1,Crewmember 1 (left seat)
CM2,Crewmember 2 (right seat)
CMC,Central Maintenance Computer
CMD,Command
CMM,Calibration Memory Module
CMPTR,Computer
CMS,Central Maintenance System
CNTOR,Contactor
CO,Company
CO RTE,Company Route
COM,Communication
COND,Conditioning
CONF,Configuration
CONT,Continuous
CPC,Cabin Pressure Controller
CPCS,Cabin Pressure Control System
CPCU,Cabin Pressure Controller Unit
CRC,Continuous Repetitive Chime
CRG,Cargo
CRS,Course
CANC/RCL,Cancel Recall
CRT,Cathode Ray Tube
CRZ,Cruise
CSAS,Conditioned Service Air System
CSM/G,Constant Speed Motor/Generator
CSTR,Constraint
CT,Cost of Time
CTL,Control
CTL PNL,Control Panel
CTLR,Controller
CTR,Center
CUDU,Current Unbalance Detection Unit
CVR,Cockpit Voice Recorder
CACFT,Approach Category / Crossing (Chart Designator) / Center (Runway Designator) / Charlie(AWYDesignator)
C...,Controlled Firing Area
C/S,Call Sign
CA,Commercial Aerodrome
CAA,Civil Aviation Administration / Civil Aviation Authority
CADF,Central Airspace Data Function
CADIZ,Canadian Air Defence Identification Zone
CAR,Caribbean Region
CARS,Community Aerodrome Radio Station
CAS,Calibrated Airspeed
CASA,Computer Assisted Slot Allocation
CAT,Clear Air Turbulence
CAT(+ Letter),ACFT Approach Category
CAT(+ Number),ILS Category
Cat(+ Number),ILS Category
CAVOK,Ceiling and Visibility Okay
CB,Cumulonimbus
CBMAM,Cumulonimbus Mammatus Cloud
CC,Cirrocumulus
CCA,Corrected METEO Message
CCB,Corrected METEO Message
CCC,Corrected METEO Message
CCFP,Computer Company Flight Plan
CCO,Continuous Climb Operation
CCSL,Cirrocumulus Lenticularis
CD,Clearance Delivery
CDA,Constant Descent Angle / Current Data Authority / Departure Clearance Readback Message /ContinuoDescent Approach
CDFA,Continuous Descent Final Approach
CDI,Course Deviation Indicator
CDL,Configuration Deviation List
CDM,Collaborative Decision Making
CDO,Continuous Descent Operations
CDR,Conditional Route
CDTI,Cockpit Display of Traffic Information
CDU,Control and Display Unit
CEIL,Ceiling
CEP,Central East Pacific Region
CERAP,Combined Center/Radar Approach
CF,Company Fuel / Change Frequency to
CFCF,Central Flow Control Function U.S.
CFDIU,Centralised Fault Display Interface Unit
CFE,Coast Out Fix Estimate
CFIT,Controlled Flight Into Terrain
CFM,Confirm
CFMU,Central Flow Management Unit
CFR,Critical Fuel Reserve / Crash Fire Fighting Rescue Service
CFS,Critical Fuel Scenario
CG,Center of Gravity
CGL,Circling Guidance Lights
CH,Channel (R/T)CHG Change
CI,Cirrus
CIS,Commonwealth of Independent States
CIV,Civil
CL,Center Line
CLBR,Calibration
CLD,Departure Clearance Uplink Message / Cloud
CLG,Calling
CLL,Center Line Lights
CLP,Climb-Out Procedure
CLR,Clearance
CLRD,Cleared
CLSD,Close / Closed
CM,Centimeter
CMB,Climb
CMD,Commander
CMNPS,Canadian Minimum Navigation Performance Specification
CMPL,Completion
CMV,Converted Meteorological Visibility
CNF,Computer Navigation Fix
CNL,Cancel
CNS,Communications  Navigation and Surveillance
CNS/ATM, Communications Navigation and Surveillance/Air Traffic Management
CNTRLN,Center Line
CNVG,Converge
Co,County
COBT,Calculated Off-Block Time
COF,Contingency Fuel
COL,Cool
COM,Communication
COMLO,Compass Locator
COMP,Company
CONC,Concrete
COND,Condition
CONST,Construction
CONT,Continue / Continued
CONV,Convergence
COOR,Coordinate / Coordination
COORD,Coordinates
COP,Change-Over Point
COR,Corrected
COT,Climb on Track
COV,Cover
CPA,Closest Point of Approach
CPD,Coupled
CPDLC,Controller Pilot Data Link Communications
CPL,Company Planning Limit
CPR,Cardio-Pulmonary Resuscitation
CRAM,Conditional Route Availability Message
CRAR,Country Rules and Regulations
CRFI,Canadian Runway Friction Index
CRIT,Critical
CRP,Compulsory Reporting Point
CRS,Course
CRVR,Calculated RVR
CS,Cirrostratus
CS/T,Combined Station/Tower
CST,Central Standard Time
CTA,Control Area
CTAF,Common Traffic Advisory Frequency
CTAM,Climb to and Maintain
CTC,Contact
CTL,Control
CTN,Caution
CTOT,Calculated TKOF Time
CTR,Control Zone
CTS,Communication Transfer Spot
CU,Cumulus
CUST,Customs
CUT,Company Utility Channel
CVFR,Controlled Visual Flight Rules
CVR,Cockpit Voice Recorder
CVSM,Conventional Vertical Separation MinimaCW Clockwise / Continuous Wave
CWA,Center Weather Advisory
CWP,Central West Pacific Region
CWY,Clearway

C,Captain Celsius Center Cool
CAB,Cabin
CAM,Camera
CANC,Cancel
CAPT,Captain
CB,Circuit Breaker
CDU,Control Display Unit
CG,Center of Gravity
CHKL,Checklist
CHR,Chronograph
CL,Close
CLB,Climb
CLR,Clear
CO,Company
COMM,Communication
COMP,Compensation
COMPT,Compartment
CON,Continuous
CONFIG,Configuration
CONT,Control
CRS,Course
CRZ,Cruise
CTL,Control
CTR,Center
C,Captain Celcius
CAA,Civil Aviation Authority
CACP,Cabin Area Control Panel
CADC,Central Air Data Computer
CANC,Cancel
CAPT,Captain
CAR,Commander s Administrative Report
CAS,Calibrated Airspeed
CB,Circuit Breaker
CBB,ConnexionBy Boeing
CCA,Central Control Actuator
CCB,Conveter Circuit Breaker
CCD,Cursor Control Device
CCU,Computing And Communications Unit
CDI,Cursor Deviation Indicator
CDL,Configuration Deviation List
CDSS,Cockpit Door Surveillance System
CDU,Control Display Unit
CFIT,Controlled Flight into Terrain
CFP,Computer Flight Plan
CG,Centre of Gravity
CGO,Cargo
CHKL,Checklist
CKT,Circuit
CLB,Climb
CLG,Cooling
CM,Centimetres
CMC,Central Maintenance Computer Current Monitor Card
CMCF,Central Maintenance Computing Function
CMCS,Central Maintenance Computing System
CMD,Command
COMM,Communication
COMP,Compass Compensation
COMPT,Compartment
CON,Continuous
CONFIG,Configuration
CONV,Conveter
CORR,Correction
CPDLC,Controller Pilot Data Link Comms
CPRSR,Compressor
CPS,Cydes Per Second
CPU,Central Processing Unit
CRA,Crew Rest Area
CRM,Crw Resource Management
CRT,Cathode Ray Tube
CRZ,Cruise
CSCP,Cabin System Control Panel
CSD,Constant Speed Drive
CSDS,Cargo Smoke Detection System
CSS,Cabin Services System
CTC,Cabin Temperature Controller
CTL,Control
CTR,Centre
CW,Caution and Warning
CWS,Control Wheel Steering

DA,Drift Angle
DAR,Digital AIDS Recorder
DCDU,Datalink Control and Display Unit
DCLB,Derated Climb
DDRMI,Digital Distance and Radio Magnetic Indicator
DECEL,Deceleration
DES,Descent
DEST,Destination
DET,Detection
DEU,Decoder/Encoder Unit
DFDR,Digital Flight Data Recorder
DH,Decision Height
DIR,Direction
DIR TO,Direct To
DISC,Disconnect
DISCH,Discharge
DIST,Distance
DMC,Display Management Computer
DME,Distance Measuring Equipment
DMU,Data Management Unit (Aids)
DN,Down
DSCS,Door Slide Control System
DSDL,Dedicated Serial Data Link
DTG,Distance To Go
DTMS,Damage Tolerance Monitoring System
DTO,Derated Take off
DU,Display Unit
DACFT,Approach Category / Downward (Tendency in RVR)
D...,Danger Area (followed by identification) / DME Distance in NM
D/I,De-Icing Fluid
DA,Decision Altitude
DAM,De-/Anti-Icing Manual
DARP,Dynamic Airborne Reroute Procedure
D-ATIS,Digital ATIS / Data Link ATIS
db,Decibel
DCA,Director Civil Aviation
DCDU,Data Communications Display Unit
DCKG,Docking
DCL,Data Link Departure Clearance
DCMSN,Decommission / Decommissioned
DCP,Datum Crossing Point / Designated Check Point
DCPC,Direct Controller-Pilot Communication
DCT,Direct
DEC,December
DEG,Degrees
DEP ARR,Departure Arrival
DEP,Departure / Depart
DER,Departure End of Runway
DES,Descend to
DEST,Destination
DETRESFA,Distress Phase
DEV,Deviation / Deviating
DEW,Distant Early Warning
DEWIZ,Distant Early Warning Identification Zone (Canada)
DF,Direction Finder
DFIS,Digital Flight Information Service
DFTI,Distance from Touchdown Indicator
DGPS,Differential GPS
DH,Decision Height
DISPL,Displaced
DIST,Distance
DIV,Divert / Diverting
DL,Data Link / Downlink
DLA,Delay
DLIC,Data Link Initiation Capability
DLV,Delivery
DLY,Daily
DM,Downlink Message
DME,Distance Measuring Equipment
DNG,Danger / Dangerous
DOC,Document
DOD,Department of Defence
DOF,Date of Flight
DOI,Dry Operating Index
DOM,Dry Operating Mass / Domestic
DOW,Dry Operating Weight
DP,Decision Point / Dew Point / Departure Procedure
DPT,Depth
DR,Dead Reckoning / Low Drifting
DR,Low Drifting
DRCO,Dial-up Remote Communication Outlet
DRG,During
DRM,Destination Route Manual
DRVSM,Domestic Reduced Vertical Separation Minimum (USA/Canada)
DS,Duststorm
DSB,Double Side Band
DSC,Down Stream Clearance
DSNT,Distant >10SM from OBS Point
DSP,Data Service Provider / Data Service Processor / Dispatch
DSPL,Displaced
DST,Daylight Saving Time
DTAM,Descent to and Maintain
DTG,Date Time Group
DTHR,Displaced Runway Threshold
DTRT,Deteriorate
DTW,Dual Tandem Wheels / Downwind Termination Waypoint
DUATS,Direct User Access Terminal System
DUR,Duration
D-VOLMET,Digital VOLMET / Data Link VOLMET
DVOR,Doppler VOR
DVORTAC,Doppler VOR and TACAN Combination
DW,Dual Wheels
DZ,Drizzle

DA(H),Decision Altitude (Height)
DC,Direct Current
DDG,Dispatch Deviations Guide
DEL,Delete
DEP,Departure
DEPR,Depressurization
DES,Descent
DEST,Destination
DISC,Disconnect
DISCH,Discharge
DK,Deck
DME,Distance Measuring Equipment
DN,Down
DSPL,Display
D/D,Direct Descent Driftdown
DA(H),Dicision Attitude (Height)
DADC,Digital Air Data Computer
DC,Direct Current
DCIR,DC Isolation Relay
DDG,Dispatch Deviation Guide
DEC,Decrease
DEG,Degree(s)
DEP,Departure
DES,Descent
DEV,Deviation
DFC,Digital Fuel Computer
DFDAF,Digital Flight Data Acquisition Function
DFDR,Digital Flight Data Recorder
DH,Decision Height
DIFF,Differntial
DIR,Direct
DISC,Disconnect
DISCH,Dischange
DLGF,Data Load Gateway Function
DLODS,Duct Leak and Overheat Detection System
DME,Distance Measuring Equipment
DMU,Data Management Unit
DN,Down
DOI,Dry Operating Index
DSP,Display Select Panel
DSPL,Display

E/WD,Engine/Warning Display
EWD,Engine/Warning Display
EBCU,Emergency Braking Control Unit
ECAM,Electronic Centralized Aircraft Monitoring
ECAS,Emergency Cockpit Alerting System
ECB,Electronic Control Box (APU)
ECMU,Elec Contactor and Management Unit
ECON,Economic
ECP,ECAM Control Panel
ECS,Environmental Control System
ECU,Engine Control Unit
EDP,Engine-Driven Pump
EEC,Engine Electronic Control
EFB,Electronic Flight Bag
EFCS,Electronic Flight Control System
EFIS,Electronic Flight Instruments System
EFOB,Estimated Fuel On Board
EGPWS,Enhanced Ground Proximity Warning System
EGT,Exhaust Gas Temperature
EIS,Electronic Instruments System
EIU,Engine Interface Unit
EIVMU,Engine Interface and Vibration Monitoring Unit
ELAN,Ethernet Local Area Network
ELEC,Electricity
ELEV,"Elevator Elevation"
ELMU,Electrical Load Management Unit
ELT,Emergency Locator Transmitter
EMER,Emergency
EMU,Emergency Power Unit
EMER GEN,Emergency Generator
ENG,Engine
EO,Engine-Out
EPE,Estimated Position Error (equal to EPU)
EPGS,Electrical Power Generation System
EPR,Engine Pressure Ratio
EPU,Emergency Power Unit
EPU,Estimated Position Uncertainty (equal to EPE)
EROPS,Extended Range Operation
ESS,Essential
EST,Estimated
ETA,Estimated Time of Arrival
ETE,Estimated Time Enroute
ETOPS,Extended Twin Operations
ETP,Equal Time Point
ETT,Estimated Time for Takeoff
EXT PWR,External Power
EXTN,Extension
E,East / Eastern Longitude / ACFT Approach Category / Echo (AWY Designator)
e.g.,For Example (latin: exempli gratia)
EA,ETOPS En-Route Alternate / East Asia Region
EAC,Expected Approach Clearance
EAP,Emergency and Accident Procedures
EAS,Equivalent Airspeed
EASA,European Aviation Safety Agency
EAT,Expected Approach Time
EB,Eastbound
ECAC,European Civil Aviation Conference
ECAM,Electronic Centralized ACFT Monitoring
ECTL,Eurocontrol
EDTO,Extended Diversion Time Operations
EET,Estimated Elapsed Time
EF,Extra Fuel
EFAS,Electronic Flash Approach Lighting System / En-Route Flight Advisory Service
EFC,Expected Further Clearance at ...
EFCOP,Engine Failure Climb-Out Procedure
EFIS,Electronic Flight Information System
EFP,Engine Failure Procedure
EGNOS,European Geostationary Navigation Overlay Service
EGPWS,Enhanced Ground Proximity Warning System
EHF,Extremely High Frequency (30000 to 300000MHZ)
ELBA,Emergency Location Beacon ACFT
ELEV,Elevation
ELR,Extra Long Range
ELT,Emergency Locator Transmitter
EM,Emergency Manual / Emission
EMAS,Engineered Material Arresting System
EMBD,Embedded
EMERG,Emergency
EMI,Electro Magnetic Interference
END,Stop-End Related to RVR
ENE,East North East
ENG,Engine
ENR,En-Route
EOBT,Estimated Off-Block Time
EOSID,Engine Out Standard Instrument Departure
EQPT,Equipment
ER,Extended Range
ERA,En-Route Alternate
EROPS,Extended Range Operations
ESE,East South-East
EST,Estimated / Estimate / Estimation
ETA,Estimated Time of Arrival
ETD,Estimated Time of Departure
ETE,Estimated Time En-Route
ETO,Estimated Time Over
ETOPS,Extended Range Operations With Two-Engined Aeroplanes
ETOT,Estimated Take-Off Time
ETP,Equal Time Point / Estimated Time of Penetration
EUR,Europe Region
EV,Every
EVS,Enhanced Vision System
EWH,Eye to Wheel Height
EXC,Except
EXCL,Excluding / Exclusive
EXER,Exercise
EXP,Expect
EXTD,Extend / Extended
EZFM,Estimated Zero Fuel Mass
EZFW,Estimated Zero Fuel Weight
E/D,End of Descent
E/E,Electrical and Electronic
E/O,Engine Out
EADI,Electronic Attitude Director Indicator
Econ,Economy
ECS,Environmental Control System
ECSMC,Environmental Control System Miscellaneous Card
EDIU,Engine Data Interface Unit
EDP,Engine Driven Pump
EEC,Electronic Engine Control
EEU,ELMS Electronic Unit
EFB,Electronic Flight Bag
EFC,Elevator Feel Computer
EFDRC,Expandable Flight Data Acquisition and Recording System
EFIS,Electronic Flight Instrument System
EGT,Exhaust Gas Temperature
EHSI,Electronic Horizontal Situation Indicator
EICAS,Engine Indication and Crew Alerting System
EIU,Electronic Interface Unit
ELCU,Electrical Load Control Unit
ELEC,Electrical
ELEV,Elevator
ELMS,Electrical Load Management System
EMER,Emergency
EMI,Electro-Magnetic Interference
ENG,Engine(s)
ENG OUT,Engine Out
EO,Engine Out
EPR,Engine Pressure Ratio
EQUIP,Equipment
ERA,Enroute Airport
ESS,Essential
ETOPS,Extended Range Operations
EVAC,Evacuation
EXEC,Execute
EXH,Exhaust
EXT,External
E,East
EAI,Engine Anti-Ice
E/D,End of Descent
E/E,Electrical/Electronic
EEC,Electronic Engine Control
EFB,Electronic Flight Bag
EFIS,Electronic Flight Instrument System
EGT,Exhaust Gas Temperature
EICAS,Engine Indication And Crew Alerting System
ELEC,Electrical
ELEV,Elevator
EMER,Emergency
ENG,Engine
ENT,Entry
EO,Engine Out
EPR,Engine Pressure Ratio
EQUIP,Equipment
EST,Estimate
ET,Elapsed Time
ETA,Estimated Time of Arrival
ETOPS,Extended Operations 
EVAC,Evacuation 
EXEC,Execute
EXT,Extend External Extension Exterior


F,Fuel
FAP,Forward Attendant Panel
F/C ,Flight Crew
FID TEMP CTL ,Flight Deck Temperature Control
F/O,First Officer
FO,First Officer
FADEC,Full Authority Digital Engine Control System
FAF,Final Approach Fix
FAP,Forward Attendant Panel
FAR,Federal Aviation Regulations
FAV,Fan Air Valve
FCDC,Flight Control Data Concentrator
FCMC,Fuel Control and Monitoring Computer
FCMS,Fuel Control and Monitoring System
FCOM,Flight Crew Operating Manual
FCRC,Flight Crew Rest Compartment
FCTM,Flight Crew Training Manual
FCU,Flight Control Unit
FD,Flight Director
FDIU,Flight Data Interface Unit
FDU,Fire Detection Unit
FE,Flight Envelope
FF,Fuel Flow
FG,Flight Guidance
FIDS,Fault Isolation and Detection System
FL,Flight Level
FLHV,Fuel Lower Heating Value
FLP,Flap
FLRS,Flap Load Relief System
FLS,FMS Landing System
FLT,Flight
F/CTL,Flight Control
FLT CTL,Flight Control
FLX TO,Flexible Take-Off
FM,Flight Management
FMA,Flight Mode Annunciator
FMGC,Flight Management and Guidance Computer
FMGEC,Flight Management Guidance and Envelope Computer
FMGES,Flight Management Guidance and Envelope System
FMGS,Flight Management and Guidance System
FMS,Flight Management System
FOB,Fuel On Board
FOM,Figure 01 Merit
FPA,Flight Path Angle
F-PLN,Flight Plan
FPPU,Feedback Position Pick-off Unit
FPD,Flight Path Director
FPR,Fuel Price Ratio
FPV,Flight Path Vector
FQI,Fuel Quantity Indication
FREQ,Frequency
FRV,Fuel Return Valve
FSV,Fuel Shutoff Valve
FU,Fuel Used
FU,Smoke
FWC,Flight Warning Computer
FWD,Forward
FWS,Flight Warning System
F,Fixed / Cleared to Fix / Foxtrott (AWY Designator)
FA,Fuel En-Route Alternate / Area Forecast
FAA,Federal Aviation Administration
FAB,Functional Airspace Block
FAC,Facility / Facilities / Final Approach Course
FAF,Final Approach Fix
FAIL,Failure
FAL,Facilitation of International Air Transport
FALS,Full Approach Light System
FAM,Airport Familiarization Chart / Familiar
FANS,Future Air Navigation System
FANS 1,Boeing Implementation of FANS
FANS 1/A,Boeing & Airbus Implementation of FANS
FANS A,Airbus Implementation of FANS
FAP,Final Approach Point
FAR,Federal Aviation Regulation
FAROS,Final Approach Runway Occupancy Signal
FAS,Final Approach Segment
FAT,Final Approach Track
FAWP,Final Approach Waypoint
FAX,Facsimile Transmission
FBL,Faible (French for Light)
FC,Friction Coefficient
FCL,Flight Crew Licensing
FCM,Flight Crew Member
FCMA,FANS Central Monitoring Agency
FCR,Flight Crew Report
FCST,Forecast
FC,Funnel Cloud
FCT,Friction Coefficient
FD,Flight Director
FDA,Fuel Dumping Area
FDPS,Flight Data Processing System
FDS,Fog Dispersal System
FDSU,Flight Data Storage Unit
FE,Far End RVR Value
FEB,February
FEW,Cloud Coverage 1 or 2 Octas
FFE,FANS Front End
FG,Fog
FHA,Functional Hazard Analysis
FIC,Flight Information Center
FIR,Flight Information Region
FIRAV,First Available
FIRST,First OBS after break
FIS,Flight Information Service
FISA,Automated Flight Information Service
FIZ,Flight Information Zone
FK,Tropical Cyclone Designator
FL,Flight Level
FLAS,Flight Level Allocation Scheme
FLD/Fld, Field
FLG,Flashing
FLIP,Flight Information Publication
FLR,Flares
FLT,Flight
FLTCK,Flight Check
FLUC,Fluctuation / Fluctuated
FLW,Follow / Following
FLY,Fly / Flying
FM,From / Fan Marker
FM...,From Followed by Time Weather Change / From...
FMC,Flight Management Computer
FMP,Flight Management Position
FMS,Flight Management System
FMU,Flight Management Unit
FNA,Final Approach
FNT,Front
FM,From
FOB,Fuel on Board
FOCA,Federal Office for Civil Aviation
FOCUS,Flight Operations Computer System
FOD,Foreign Object Damage
FODO,Flight Operations Duty Officer
FOM,Flight Operations Manual
FOO,Flight Operations Officer
FPAP,Flight Path Alignment Point
FPL,Filed Flight Plan / Flight Planning
FPM,Feet per Minute
FPR,Flight Plan Route
FR,Fuel Remaining
FRA,Free Route Airspace
FREQ,Frequency
FRI,Friday
FRNG,Firing
FRONT,Front Relating to Weather
FROPA,Front Passage
FRQ,Frequent
FRZ,Flight Restricted Zone
FSF,Flight Safety Foundation
FSL,Full Stop Landing
FSM,Flight System Uplink Message
FSS,Flight Service Station
FST,First
FSU,Flight Service Unit
ft,Feet
FT,TAF Designator (FCST up to 30 HRs)
FTP,Fictitious Threshold Point
FTR,Flexible Track Route
FTS,Flexible Track System
FU,Fume / Smoke
FUA,Flexible Use of Airspace
FV,Volcanic Ash Designator
FYI,For Your Information
FZ,Freezing
FZDZ,Freezing Drizzle
FZFG,Freezing Fog
FZRA,Freezing Rain
FZRANO,Freezing Rain INFO not Available


F,Fahrenheit
FANS,Future Air Navigation System
FCOM,Flight Crew Operations Manual
FCTL,Flight Control System
F/D,Flight Deck
FD,Flight Director
F/D,Flight Director
FLT DIR,Flight Director
FDEVSS,Flight Deck Entry Video Surveillance System
FF,Fuel Flow
FLCH,Flight Level Change
FLT,Flight
FMA,Flight Mode Annunciations
FMC,Flight Management Computer
FMS,Flight Management System
F/O,First Officer
FPA,Flight Path Angle
FPM,Feet Per Minute
FPV,Flight Path Vector
FREQ,Frequency
FT,Feet 
FWD,Forward
F,Fahrenheit First Officer
F/D,Flight Director
F/L,Flight Level
F/O,Flight Officer
FAA,Federal Aviation Administration
FADEC,Full Authority Digital Engine Control
FAF,Final Approach Fix
FAMV,Fan Air Modulating Valve
FAQS,Frequently Asked Questions
FAR,Federal Aviation Regulation
FCC,Flight Control Computer
FCDC,Flight Controls Direct Current
FCEU,Flight Control Electronics Unit
FCOM,Flight Crew Operations Manual
FCR,Flight Crew Rest
FCTL,Flight Control
FCTM,Flight Crew Training Manual
FCU,Flap Control Unit
FDAU,Flight Data Acquisition Unit
FDCF,Flight Deck Communications Function
FDEP,Flight Data Entry Panel
FLPRN,Flaperon
FLT DIR,Flight Director
FLUOR,Fluorescent
FMA,Flight Mode Annunciator
FMC,Flight Management Computer
FMCF,Flight Management Computing Function
FMCS,Flight Management Computer System
FMS,Flight Management System
FODC,Fire/Overheat Detection Card
FPA,Flight Path Angle
FPM,Feet per Minute
FPV,Flight Path Vector
FQIS,Fuel Quantity Indicating System
FQPU,Fuel Quantity Processer Unit
FREQ,Frequency
FSEU,Flap/Slat Electronics Unit
ft,Feet
FTR,Fuel-to-Remain
FWD,Forward

G/S,Glideslope
GA,Go-Around
GAPCU,Ground and Auxiliary Power Control Unit
GCU,Generator Control Unit
GDU,Group of Documentary Unit
GE,General Electric
GEN,Generator
GES,Ground Earth Station
GLC,Generator Line Contactor
GLS,GNSS Landing System
GMT,Greenwich Mean Time
GND,Ground
GPCU,Ground Power Control Unit
GPIRS,Global Positioning and Inertial Reference System
GPRS,General Packet Radio Service
GPS,Global Positioning System
GPSSU,Global Positioning System Sensor Unit
GPU,Ground Power Unit
GPWC,Ground Proximity Warning Computer
GPWS,Ground Proximity Warning System
GRND,Ground
GRU,Ground Refiguration Unit
GRVTY,Gravity
GS,Ground Speed
GSM,Global System for Mobile Communication
GW,Gross Weight
G,Golf/Green (AWY Designator) / Grid (Track)
G/A,Ground to Air
G/A/G,Ground to Air and Air to Ground
GA,Go Around / Go Ahead / General Aviation
GALS,Gallons
GAMET,Area Forecast for Low Level Flights
GBAS,Ground-Based Augmentation System
GC,Great Circle
GCA,Ground Controlled Approach
GEN,General
GEO,Geographic / True
GES,Ground Earth Station
GHT,Glide Path Height over Threshold
GI,General Information / General Instructor
GLD,Glider
GLONASS,Global Orbiting Navigation Satellite System
GLS,GBAS Landing System (ICAO) / GPS or GNSS Landing System (FAA)
GMC,Ground Movement Control / Ground Movement Chart
GMU,GPS Monitoring Unit
GND,Ground
GNDCK,Ground Check
GNSS,Global Navigation Satellite System
GP,Glide Path / General Purpose Channel
GPS,Global Positioning System
GPU,Ground Power Unit
GPWS,Ground Proximity Warning System
GR,Hail
GRADU,Gradual / Gradually
GRAS,Ground Based Regional Augmentation System
GRASS,Grass Landing Area
GRVL,Gravel
GS,Glide Slope / Ground Speed / Small Hail / Snow Pellets
GT,Grid Track
GW,Gross Weight
GS,Small Hail
GA,Go-Around
GEN,Generator
GND,Ground
GPS,Global Positioning System
GPWS,Ground Proximity Warning System
G/S,Glide Slope
GS,Ground Speed

G/S,Glide Slope
GA,Go-Around
GAL,Gallons
GB,Generator Breaker
GCB,Generator Circuit Breaker
GCR,Generator Control Relay
GCU,Generator Control Unit
GEN,Generator
GF,Generator Filed
GHR,Ground Handling Relay
GLS,Graound Landing System
GND,Ground
GP,Glide Path
GPI,Ground Point Of Intercept
GPM,Gallons Per Minute
GPS,Global Positioning System
GPWC,Ground Proximity Warning Computer
GPWS,Ground Proximity Warning System
GS,Ground Speed
GSSR,Ground Service Select Relay
GSTR,Graound Service Transfer Relay
GTOF,Gross Take-off Weight
GW,Gross  Weight

HCU,Hydraulic Control Unit
HDG,Heading
HDG SEL,Heading Select
HDG REF,Heading Reference
HDG/S,Heading Selected
HF,High Frequency
HI,High
HIL,Hold Item List
HLD,Hold
HM,Holding Pattern with a Manual Termination
HMU,Hydrau-Mechanical Unit
HP,High Pressure
HPA,Hectopascal
HPTCC,High Pressure Turbine Clearance Control
HPV,High Pressure Valve
HSMU,Hydraulic System Monitoring Unit
HUD,Head Up Display
HYD,Hydraulic
H,High Level Chart (Chart Designator)/High (Light Intensity)/Heavy (Wake Turbulence Category)/Hotel (AWY Designator)
H+,Minutes Past the Hour
H24,Continuous Day and Night Service
HAA,Height Above Aerodrome
HAL,Height Above Landing
HALS,High Approach Landing System
HAPI,Helicopter Approach Path Indicator
HAT,Height Above Touchdown Zone Elevation
HBN,Hazard Beacon
HDF,High Frequency Direction-Finding Station
HDG,Heading
HDWND,Headwind
HEL,Helicopter
HF,High Frequency (3000-30000KHZ)
HFDL,High Frequency Data Link
HFDR,High Frequency Data Radio
HG,Mercury
HGS,Head-Up Guidance System
HGT,Height
HI,High Intensity / High Intensity Approach Lights
HIALS,High Intensity Approach Lighting System
HIRL,High Intensity Runway Lights
HIRO,High Intensity Runway Operations
HIWAS,Hazardous In-Flight Weather Advisory Service
HJ,Day Service / Sunrise to Sunset
HJ+,Sunrise to ... Minutes after Sunset
HL,Combined High/Low Level Charts / High Level
HLDG,Holding
HMI,Human Machine Interface
HMU,Height Monitoring Unit
HN,Night Service / Sunset to Sunrise
HN+,From Sunset to ... Minutes after Sunrise
HO,Hours of Service: Service Available to Meet Operational Requirements
HOL,Holiday
HOSP,Hospital ACFT
HOT,Holdover Time
HP,Holding Pattern
hPa,Hectopascal
HQ,Headquarters
HR,Hour
HRTZ,High Intensity Radio Transmission Zone
HS,Service Available During Hours of Scheduled Operations
HSC,High Speed Cruise
HST,High Speed Taxiway Turn-Off
HUDLS,Head-Up Guidance Landing System
HURCN,Hurricane
HVDF,High and Very High Frequency Direction Finding Stations
HVY,Heavy
HX,No Specific Working Hours / Not Permanently Active
HYR,Higher
HZ,Hertz / Haze
HZ,Haze

HAA,Height Above Airport
HAT,Height Above Touchdown
HDG,Heading
HDG REF,Heading Reference
HDG SEL,	Heading Select
HF,Height Frequency(3-30 MHz)
HG,Mercury
HI,High
HLCS,High Lift Control System
HOR,Horizontal
HORZ,Horizon
HP,High Pressure
hPa,Hectopascals
HPFAC,High Pressure Fan Air Controller
HPSOV,High Pressure Shutoff Valve
HSI,Horizontal Situation Indicator
HUD,Head Up Display
HYD,Hydraulic
HYDIM,Hydraulic Interface Module
Hz,Hertz (Cycles Per Second)
HDG,Heading
HF,High Frequency
HI,High
HLD,Hold
HYD,Hydraulic


I/O,Inputs/Outputs
I/P,Input or Intercept Profile
IAS,Indicated Airspeed
ICAO,International Air Transport Organization
IDENT,Identification
IDG,Integrated Drive Generator
IFE,In Flight Entertainment
IFR,Instrument Flight Rules
IGGS,Inert Gas Generation System
IGN,Ignition
ILS,Instrument Landing System
IMM,Immediate
INB,Inbound
INBO,Inboard
INCREM,Increment
INIT,Initialization
INOP,Inoperative
INR,Inner
INST,Instrument
INTCP,Intercept
INTC CRS,Intercept Course
INV,Inverter
IP,Intermediate Pressure
IPPU,Instrumentation Position Pick-off Unit
IR,Inertial Reference
IRS,Inertial Reference System
ISA,International Standard Atmosphere
ISO,International Organization for Standardization
ISOL,Isolation
ISPSS,In Seat Power Supply System
IA,Intermediate Alternate
IAA,Initial Approach Altitude
IAC,Instrument Approach Chart
IAF,Initial Approach Fix
IAL,Instrument Approach and Landing Chart
IALS,Intermediate Approach Light System
IAP,Instrument Approach Procedure
IAR,Intersection of Air Routes
IAS,Indicated Air Speed
IATA,International Air Transport Association
IAVW,International Airways Volcano Watch
IAWP,Initial Approach Waypoi
IBN,Identification Beacon
IC,Ice Crystals
ICAO,International Civil Aviation Organisation
ICG,Icing
ID,Identifier or Identify
IDENT,Identification
IF,Intermediate Approach Fix
IFBP,IATA In-Flight Broadcast Procedure
IFF,Identification Friend/Foe
IFL,In-Flight
IFPL,Individual Flight Plan Message
IFPS,Integrated Initial Flight Plan Processing System
IFR,Instrument Flight Rules
IFSS,International Flight Service Station
IGA,International General Aviation
IGS,Instrument Guidance System
ILS,Instrument Landing System
IM,Inner Marker
IMC,Instrument Meteorological Conditions
IMG,Immigration
IMP,Imperial Gallons
IMPR,Improve / Improving
IMT,Immediate / Immediately
IN,Inch(es)
INA,Initial Approach
INBD,Inbound
INCERFA,Uncertainty Phase
INCL,Including
INDEF,Indefinitely
INDEFLY,Indefinitely
INFO,Information
inHG,Inches of Mercury
INO,Indian Ocean Region
INOP,Inoperative
INP,If not Possible
INPR,In Progress
INS,Inertial Navigation System
INSTL,Install / Installed / Installation
INSTR,Instrument
INT,Intersection
INTER,Intermittent
Intl,International
INTRG,Interrogator
INTRP,Interrupt / Interruption / Interrupted
INTSF,Intensify / Intensifying
INTST,Intensity
INVOF,In the Vicinity of
IOI,Intermediate Operational Information
IP,Initial Point
IR,Ice on Runway
IRS,Inertial Reference System
IRT,Individual Runway Take-Off Chart
IRU,Inertial Reference Unit
IRVR,Instrument Runway Visual Range
ISA,International Standard Atmosphere
ISB,Independent Side Band
ISDU,Inertial Sensor Display Unit
ISO,Instead of / International Standardization Organization
ISOL,Isolated
ISSR,Independent Secondary Surveillance Radar
ITCZ,Inter Tropical Convergence Zone
ITF,Inter Tropical Front
ITT,Initial True Track
IVA,Independent Visual Approach
IWP,Intermediate Waypoint
ISPSU,In-Seat Power Supply Unit
ITP,In Trail Procedure

IAF,Initial Approach Fix
IAS,Indicated Airspeed
IDENT,Identification
IFE,Inflight Entertainment
IGN,Ignition
IND LTS,Indicator Lights
INIT,Initialization
ILS,Instrument Landing System
INBD,Inboard
IND,Indicator 
INOP,Inoperative
INT,Interphone
INTPH,Interphone
INT,Interior
INTC,Intercept
IRS,Inertial Reference System
ISA,International Standard Atmosphere
ISFD,Integrated Standby Flight
ISLN,Isolation

I/O,Input Output
IAF,Initial Approach Fix
IAN,Initial Approach Navigation
IAS,Indiacated Airspeed
IDENT,Identification
IDG,Integrated Drive Generator
IDS,Integrated Drive System
IFE,IN-flight Entertainment System
IFR,Instrument Flight Rules
IGS,Instrument Guidance System
ILS,Instrument Landing System
IM,Inner Marker
IMC,Instrument Meteorogical Conditions
in.,inch(es)
INBD,Inboard
INC,Increase
IND,Indicator
IND LTS,Indicator Lights
INOP,Inoperative
INS,Inertial Navigation System
INST,Instrument
INTC CRS,Intercept Course
INTLK,Interlock
IP,Instructor Pilot Intermediate Pressure Check Valve
IRS,Inertial Reference System
IRU,Inertial Reference Unit
ISFD,Integrated Standby Flight Display
ISLN,Isolation

JAR,Joint Airworthiness Requirements
J,Super (WTC) / Juliette (AWY Designator)
J(+No.),Jet Routes (North America)
JAA,Joint Aviation Authorities
JAN,January
JAR,Joint Aviation Requirements
JAR-OPS,Joint Aviation Requirements - Operations
JBD,James Brake Decelerometer
JBI,James Brake Index
JRCC,Joint Rescue Coordination Center
JTST,Jet Stream
JUL,July
JUN,June
JAA,Joint Aviation Authority

KG,Kilogramm(s)
KHZ,Kilo Hertz
KG,Kilogramm(s)
KHZ,Kilo Hertz
KIAS,Knots Indicated Airspeed
km,Kilometer(s)
KMH,Kilometers per Hour
KPA,Kilopascal
KT,Knot(s)
KW,Kilowatt(s)
KIAAS,Knots Indicated Airspeed
KM,Kilometer(s)
KMH,Kilometers per Hour
KPA,Kilopascal
KT,Knot(s)
KW,Kilowatt(s)
KCAS,Knots Calibrated Airspeed
KEAS,Knots Equivalent Airspeed
kg,Kilogram(s)
khz,Kilohertz(Kilocycles)
km,Kilometer(s)
kt.,Knot(s)
KVA,Kilovolt-ampere
KW,Kilowatt(s)
KGS,Kilograms
KT,Knots
KTS,Knots


L,Left
L/G,Landing Gear
LAF,Load Alleviation Function
LAN,Local Area Network
LAT,Latitude.
LAT REV,Lateral Revision
LAV,Lavatory
LCD,Liquid Crystal Display
LCN,Load Classification Number
LD,Lower Deck
LDA,Localizer Directional Aid
LDG,Landing
LDG ALT,Landing Altitude
LED,Light Emiting Diode
LEDU,List of Effective Documentary Units
LEFCB,List of Effective Flight Crew Bulletins
LEOEB,List of Effective Operations Engineering Bulletins
LESS,List of Effective Section/Subsections
LF,Low Frequency
LGCIU,Landing Gear Control and Interface Unit
LH,Left-Hand
LIB,Loudspeaker and Indicator Box
LIM,Limitation
LK,Lock
LO,Low
LOC,Localizer
LONG,Longitude
LP,Low Pressure
LPC,Low Pressure Compressor
LPTCC,Low Pressure Turbine Clearance Control
LRU,Line Replaceable Unit
LS,Loudspeaker
LT,Light
LSK,Line Select Key
LVL,Level
LVL/CH,Level Change
LVR,Lever
LW,Landing Weight
l,Liter
L,Left (RWY Ident) / Light (WTC) / Low Level (Chart Designator) / Lima (AWY Designator)
LAHSO,Land and Hold Short Operations
LAN,Inland
LARS,Lower Airspace Radar Advisory Service
LAST,Last OBS before a Break
LAT,Latitude / Legends and Tables
LAWRS,Limited Aviation Weather Reporting Station
LBS,Pound(s)
LC,Landing Chart
LCA,Local / Locally / Location / Located
LCG,Load Classification Group
LCN,Load Classification Number
LCTR,Locator
LDA,Landing Distance Available / Localizer Type Directional Aids
LDG,Landing
LDI,Landing Direction Indicator
LDIN,Lead in Lights
LEN,Length
LF,Low Frequency (30-300KHZ)
LFR,Low Frequency Range
LGT,Light / Lighting
LGTD,Lighted
LGTH,Length
LH,Left Hand
LI,Low Intensity
LIAL,Low Intensity Approach Lights
LIFR,Low IFR (WX only)
LIH,Lights Intensity High
LIL,Lights Intensity Low
LIM,Lights Intensity Medium
LIRL,Low Intensity Runway Edge Lights
LL,Low Level
LLWAS,Low Level Wind Shear Alert System
LM,Locator at Middle Marker Position
LMM,Compass Locator - Middle Marker
LMT,Local Mean Time
LNAV,Lateral Navigation
LNAV / VNAV,Lateral Navigation / Vertical Navigation
LNDG,Landing
LNG,Long (Type of Approach)
LO,Locator at Outer Marker Position
LOC,Localizer / Location / Locator / Locally
LOM,Compass Locator - Outermarker
LONG,Longitude
LOP,Line of Position
LORAN,Long Range Navigation System
LOUT,Lowest Operational Use Temperature
LP,Left Traffic Pattern / Localizer Performance
LPV,Localizer Performance with Vertical Guidance
LRG,Long Range
LRNS,Long Range Navigation System
LS,Left Side
LSALT,Lowest Safe Altitude (Australia)
LSB,Lower Side Band
LSR,Loose Snow on Runway
LT,Left Turn / Local Time
LTD,Limited
LTGCA,Lightning Cloud-to-Air
LTGCC,Lightning Cloud-to-Cloud
LTGCG,Lightning Cloud-to-Ground
LTGIC,Lightning in Cloud
LTNG,Lightning
LTP,Landing Threshold Point
LTS,Lower than Standard
LV,Light and Variable (Wind Direction)
LVE,Leave
LVL,Level
LVO,Low Visibility Operations
LVOP,Low Visibility Operations Plan
LVP,Low Visibility Procedure
LVTO,Low Visibility Take-Off
LW,Landing Weight
LWIS,Limited Weather Information Service
LYR.,Layer

L,Left
LBS,Pounds
LDA,Localizer-type Directional Aid
LDG,Landing
LIM,Limit
LKD,Locked
LNAV,Lateral Navigation
LO,Low
LOC,Localizer
LOM,Locator Outer Market
LT,Light
L,Left
LAV,Lavatory
lb.,Pound(s)
LCD,Liquid Crystal Display
LCLU,Landing Control and Logic unit
LDA,Landing Distance Available Localizer-type Directional Aid
LDG,Landing
LDG ALT,Landing Altitude
LDM,Load Message
LE,Leading Edge
LED,Leading Edge Devices Light Emitting Diode
LH,Left-Hand
LIB,Left Inboard
LILAW,Laden Index Landing Weight
LIM,Limit
LITOW,Laden Index Take-off Weight
LIZFW,Laden Index Zero Fuel Weight
LKD,Locked
LMC,Last Minute Change
LMM,Localizer Middle Marker
LNAV,Lateral Navigation
LO,Low
LOB,Left Outboard
LOC,Localizer
LOM,Localizer Outer Marker
LP,Low Pressure
LPM,Litre(s) Per Minute
LRC,Long Range Cruise
LRCU,Landing and Rollout Control Unit
LRM,Line Replaceable Module
LRRA,Low Range Radio Altimeter
LRU,Line Replaceable Unit
LSB,Lower Side Band
LSCF,Left Systems Card File
LSCU,Logic and Speed Control Unit
LSU,Lavatory Service Unit
LVDT,Linear Variable Differential Transformer
LW,Landing Weight
LWR,Lower
LWR CTR,Lower Centre
LWR DSPL,Lower Display

MABH,Minimum Approach Break-off Height
MAC,Mean Aerodynamic Chord
MAG,Magnetic
MAG DEC,Magnetic Declination
MAG VAR,Magnetic Variation
MAINT,Maintenance
MAN,Manual
MAP,Missed Approach Point
MAX,Maximum
MAX CLB,Maximum Climb
MAX DES,Maximum Descent
MAX END,Maximum Endurance
MC,Master Caution
MCDU,Multipurpose Control and Display Unit
MCI,Maximum Continuous Thrust
MD,Main Deck
MDA,Minimum Descent Altitude
MDCC,Main Deck Cargo Compartment
MDDU,Multifunction Disk Drive Unit
MDH,Minimum Descent Height
MEA,Minimum En Route Altitude
MECH,Mechanic
MED,Medium
MEL,Minimum Equipment List
MFA,Memorized Fault Annunciator
MIN,Minimum
MKR,Marker
MLA,Maneuver Load Alleviation
MLS,Microwave Landing System
MLW,Maximum Landing Weight
MMEL,Master Minimum Equipment List
MMO,Maximum Operating Mach
MMR,Multi Mode Receiver
MN,Mach number
m,Meter(s)
M,Mach Number (Followed by Figure) / MET Reporting Point / Medium (WTC) / Mike (AWY Designator)
m/s,Meter(s) per Second
MA,Minimum Altitude / Missed Approach
MAA,Maximum Authorized Altitude
MAG,Magnetic
MAHWP,Missed Approach Holding Waypoint
MAINT,Maintenance
MALS,Medium Intensity Approach Lighting System
MALSF,Medium Intensity Approach Lighting System with Sequenced Flashing Lights
MALSR,Medium Intensity Approach Lighting System with Runway Alignment Indicator Lights
MAN,Manual
MAP,Aeronautical Maps and Charts / Missed Approach Point (FAA)
MAPt,Missed Approach Point (ICAO)
MAR,March
MAS,Message Assurance
MASPS,Minimum Aviation Systems Performance Standards
MAWP,Missed Approach Waypoint
MAX,Maximum
MAY,May
MB,Millibar / Marker Beacon
MBST,Microburst
MCA,Minimum Crossing Altitude / Military Controlled Airspace
MCAS,Marine Corps Air Station
MCDU,Multipurpose Control and Display Unit
MCL,Minimum Cruising Level / Malfunction Check List
MDA,Minimum Descent Altitude
MDA/H,Minimum Descent Altitude/Height
MDDU,Multi Disk Drive Unit
MDF,Medium Frequency Direction Finding Station
MDH,Minimum Descent Height
MDI,Minimum Departure Interval
MDT,Mountain Daylight Time / Moderate
MEA,Minimum En-Route Altitude
MEF,Maximum Elevation Figure
MEHT,Minimum Eye Height Over Threshold
MEL,Minimum Equipment List
MET,Meteorology / Meteorological
MET REPORT,Local Routine Meteorological Report
METAR,Aerodrome Routine Meteorological Report
MF,Medium Frequency (300-3000KHZ) / Mandatory Frequency
MFA,Minimum Flight Altitude in Feet
MGA,Minimum Safe Grid Altitude
MH,Minimum Height / Magnetic Heading
MHA,Minimum Holding Altitude
MHL,Minimum Holding Level
MHVFD,Medium, High and Very High Frequency Direction Finding Station
MHZ,Megahertz
MI,Shallow
MI,Medium Intensity (Lights) / Shallow
MIA,Minimum Authorized Altitude
MIALR,Medium Intensity Approach Lights with Runway Alignment Indicator Lights
MIALS,Medium Intensity Approach Light System
MID,Mid-Point (RVR)
MID/ASIA,Middle East/Asia Region
MIFG,Shallow Fog
MIL,Military
MIN,Minute(s) / Minima / Message Identification Number
MIRCLL,Medium Intensity Runway Center Line Lights
MIRL,Medium Intensity Runway Edge Lights
MIS,Missing
MISAP,Missed Approach Procedure (Lido)
MISC,Miscellaneous
MKR,Marker Radio Beacon
MLAT,Multilateration System
MLM,Maximum Landing Mass
MLS,Microwave Landing System
MLW,Maximum Landing Weight
mm,Millimeter
MM,Middle Marker
mmHG,Milimeter of Mercury
MMR,Multi Mode Receiver
MNM,Minimum
MNPS,Minimum Navigation Performance Specification
MNT,Mach Number Technique
MNTN,Maintain
MOA,Military Operating Area
MOC,Minimum Obstacle Clearance
MOCA,Minimum Obstacle Clearance Altitude(ICAO) / Minimum Obstruction Clearance Altitude (FAA)
MOD,Moderate
MON,Monday / Above Mountains
MORA,Minimum Off-Route Altitude
MOV,Move / Moving / Movement
MP,Mid Point (RVR)
MPH,Statute Miles per Hour
MPS,Meters per Second (METAR/TAF)
MRA,Minimum Reception Altitude
MRG,Medium Range
MRN,Message Reference Number
MROT,Minimum Runway Occupancy Time
MRP,ATS/MET Reporting Point
MS,Minus
MSA,Minimum Sector Altitude
MSAW,Minimum Safe Altitude Warning
MSFL,Minimum Safe Flight Level
MSG,Message
MTRS,Meters
MSL,Mean Sea Level
MT,Magnetic Track / Mountain
MTA,Military Training Area
MTCA,Minimum Terrain Clearance Altitude / Military Terminal Control Area
MTMA,Military Terminal Maneuvering Area
MTOM,Maximum Take-Off Mass
MTOW,Maximum Take-Off Weight
MTT,Minimum Time Track
MTW,Mountain Wave
MU,Management Unit (ACARS)
Muni,Municipal
MVA,Minimum Vectoring Altitude
MVFR,Marginal VFR
MVI,Maneuvre  Vue Impose (Visual Maneuvering with Prescribed Tracks)
MVL,Maneuvre  Vue Libre (Circling)
MVPA,Military Variable Profile Area
MWO,Meteorological Watch Office
MZFM,Maximum Zero Fuel Mass
MZFW,Maximum Zero Fuel Weight
MNPS,Minimum Navigation Performance Specification
MORV,Mixer Overpressure Relief Valve
MPFAP,Multi Purpose Flight Attendant Panel
MSA,Minimum Safe Altitude
MSG,Message
MSL,Mean Sea Level
MTBF,Mean Time Between Failure
MTOW,Maximum Takeoff Weight
MW,Master Warning
MZFW,Maximum Zero Fuel Weight

M,Mach Meters
MAG,Magnetic
MAN,Manual
MAX,Maximum
MCP,Mode Control Panel
MDA(H),Minimum Descent Altitude (Height)
MEL,Minimum Equipment List
MFD,Multifunction Display
MIC,Microphone
MIN,Minimum
MKR,Marker
MLS,Microwave Landing System
MMO,Maximum Mach Operating Speed
MOD,Modified , Modify
MSG,Message
M,Match
m,Metre(s)
MAC,Mean Aerodynamic Chrod
MACH,MACH
MAG,Magnetic
MAN,Manual
MAP,Missed Approach Point
MASI,Mach/Airspeed Indicator
MAT,Maintenance Access Terminal
MAWEA,Modular Avoinic and Warning Electronic Assembly
MAX,Maximum
MB,Milibar(s)
MCA,Minimum Crossing Altitude
MCP,Mode Control Panel
MCT,Maximum Continuous Thrust
MDA(H),Minimum Descent Altitude (Height)
MEA,Minimum Enroute Altitude
MEC,Main Equipment Center
MED,Medium
MEL,Minimum Equipment List
MERS,Minimum Enroute Speed
MFA,Minimum Flight Altitude
MFD,Multifunction Display
MHz,Megahertz (Megacycle)
MIC,Microphone
MIN,Minimum
min.,Minute(s)
MKR,Marker
MLG,Main Landing Gear
MLW,Maximum Landing Weight
MM,Middle Marker Month
mm,Milimetres
MMO,Maximum Match Operating Speed
MOCA,Minimum Obstruction Clearance Altitude
MOD,Modify
MON,Monitor
MORA,Minimum Off-route Altitude
mph,Miles per Hour
MRA,Minimum Route Altitude
MRC,Max Range Cruise
MSA,Minimum Safe Altitude
MSI,Multiwire Serial Interface
MSL,Mean Sea Level
MSOV,Modulating and Shutoff Valve
MSU,Mode Selector unit
MTOW,Maximum Take-off Weight
MTW,Maximum Taxi Weight
MZFW,MaximumZero Fuel Weight

N/A,Not Applicable
NA,Not Applicable
N1,Low Pressure Rotor Speed (in %) Intermediate Pressure Rotor Speed (in %) for Rolls Royce Engines
N2,High Pressure Rotor Speed (in %) for Other Engines
N3,High Pressure Rotor Speed (in %) for Rolls Royce Engines
NACA,National Advisory Committee for Aeronautics
NAV,Navigation
NAVAID,Navigation Aid
NBPT,No Break Power Transfer
NCD,Non Computed Data
ND,Navigation Display
NDB,Non Directional Beacon  Nay Database
NORM,Normal
NW,Nosewheel
N,North / Northern Latitude / November (AWY Designator)
N/A,Not Applicable / Not Available
NA,Not Authorized
NAB,Not Above
NAD-83,North American Datum 1983
NADP,Noise Abatement Departure Procedure
NALS,No Approach Light System
NAM,North America Region
NAP,Noise Abatement Procedure
NAR,North American Routes
NARTEL HF,North Atlantic En-Route HF RTL Network
NAS,National Airspace System
NAT,North Atlantic Region
Natl,National
NAT OTS,North Atlantic Organized Track System
NAV,Navigation
NAVAID,Navigational Aid
NB,Northbound
NBFR,Not Before
NC,No Change
NCA,North Central Asia Region
NCD,No Clouds Detected
NCRP,Non-Compulsory Reporting Point
NDA,Next Data Authority
NDB,Non-Directional Radio Beacon
NDV,No Directional Variation
NE,North East
NEG,Negative / No / Permission Not Granted / That Is Not Correct
NERS,North Atlantic European Routing Scheme
NEW,Never Exceed Weight
NGT,Night
NIL/Nil,None
NM,Nautical Miles
NML,Normal
NNE,North North-East
NNW,North North-West
No PDC,No Pre-Departure Coordination
NOAA,National Oceanic and Atmospheric Administration
NOF,International NOTAM Office
NOP,Noise Measuring Point
NOPAC,North Pacific Route System
NOPT,No Procedure Turn Required
NOR,Terminal VOR
NORAD,North American Aerospace Defense Command
NORCAL,Northern California Terminal Radar Approach Control
NOSIG,No Significant Change
NOSPECI,No SPECI issued
NOTA,Northern Oceanic Transition Area
NOTAM,Notice to Airmen
NOTOC,Notification to Captain
NOV,November
NP,North Pacific Region
NPA,Non Precision Approach
NR,Number
NRS,Navigation Reference System
NS,Nimbostratus
NSC,No Significant Clouds
NSW,No Significant Weather
NTL,National
NTSB,National Transportation Safety Board
NTW,Network
NW,North West
NWS,National Weather Service
NXT,Next
NWS,Nosewheel Steering
N,Normal, North
NAV,Navigation
ND,Navigation Display
NM,Nautical Miles
NORM,Normal
NPS,Navigation Performance Scales
N1,Low Pressure Rotor Speed
N2,High Pressure Rotor Speed, (Pratt & Whitney Engines)
N3,High Pressure Rotor Speed, (Rolls-Royce Engines)

N1,Low Pressure Rotor Speed
N2,High Pressure Rotor Speed (Pratt & Whitney General Electic engines)Intermediate Pressure CompressorIntermediate Pressure Rotor Speed (Rolls-Royce engines)
N3,High Pressure Compressor High Pressure Rotor Speed (Rolls-Royce engines)
NAV,Navigation
NAV RAD,Navigation Radio
ND,Navigation Display
NDB,None Directional Beacon
NLG,Nose Landing Gear
nm,Nautical Miles
NNC,Non-Normal Checklists
NNM,Non-Normal Manoeuvre
NORM,Normal
NOTAM,Notice to Airmen
NPS,Navigation Performance Scales
N,Normal, North
NAV,Navigation
ND,Navigation Display
NM,Nautical Miles
NORM,Normal
NPS,Navigation Performance Scales
N1,Low Pressure Rotor Speed
N2,High Pressure Rotor Speed, (Pratt & Whitney Engines)Intermediate Pressure Rotor Speed,(RollsRoyceEngines)
N3,High Pressure Rotor Speed, (Rolls-Royce Engines)


INOP,Inoperative
INR,Inner
INST,Instument
INTCP,Intercept
INV,Inverter
IP,Intermediate Pressure
IPPU,Instrumentation PositionPick-off Unit
IR,Inertial Reference
IRS,Inertial Reference System
ISA,Internatinal Standard Atmosphere
ISO,Internation Organisation for Standardisation
ISOL,Isolation
ISPSS,In Seat Power Supply System
ISPSU,In Seat Power Supply Unit
ITP,In Trail Procedure
JAR,Joint Airworthiness Requirements
L,Left
L/G,Landing Gear
LAF,Load Alleviation Function
LAN,Local Area Network
LAT,Latitude
LAT Rev,Lateral Revision
LAV,Lavatory
LCD,Liquid Crystal Display
LCN,Load Classification Number
LD,Lower Deck
LDA,Localizer Directional Aid
LDG,Landing
LED,Light Emiting Diode
LEDU,List of Effective Documentation Units
LEFC8,List of Effective Flight Crew Bulletins
LEOEB,List of Effective Operation Engineering Bulletins
LESS,List of Effective Section/Subsections
LF,Low Frequency
LGCIU,Landing Gear Control and Interface Unit
LH,Left Hand
LIB,Loudspeaker and Indicator Box
LIM,Limitation
LK,Lock
LO,Low
LOC,Localizer
LP,Low Pressure
LPC,Low Pressure Compressor
LPTCC,Low Pressure Turbine Clearence Control
LRU,Line Replaceable Unit
LS,LoudSpeaker
LT,Light
LSK,Line Select Key
LVL,Level
LVL/CH,Level Change
LVR,Lever
LW,Landing Weight
MABH,,Minimum Approach Break-off Height
MAC,Mean Aerodynamics Chord
MAG,Magnetic
MAG DEC,Magnetic Declination
MAG VAR, Magnetic Variation
MAINT,Maintenance
MAN,Manual
MAP,Missed Approach Point
MAX,Maximum
MAX CLB,Maximum Climb
MAX DES,Maximum Decent
MAX END,Maximum Endurance
MC,Master Caution
MCDU,Multipurpose Control and Display Unit
MCT,Maximum Continous Thrust
MD,Main Desk
MDA,Minimum Decent Altitude
MDCC,Main Deck Cargo Compartment
MDDU,Multifunctional Disk Drive Unit
MDH,Minimum Descent Height
MEA,Minimum En Route Altitude
MECH,Mechanic
MED,Medium
MEL,Minimum Equipment List
MFA,Memorized Fault Annunciator
MIN,Minimum
MKR,Marker
MLA,Maneuver Load Alleviation
MLS,Microwave Landing System
MLW,MaximumLanding Weight
MMEL,Master Minimum Equipment List
MMO,Maximum Operating Mach
MMR,Multi Mode Receiver
MN,Mach number
MNPS,Minimum Navigation Performance Specification
MORV,Mixer Overpressure Relief Vlve
MPFAP,Multi Purpose Flight Attendant Panel
MSA,Minimum Afe Altitude
MSG,Message
MSL,Mean Sea Level
MTBF,Mean Time Between Failure
MTOW,Maximum Takeoff Weight
MW,Master Warning
MZFW,Maximum Zero Fuel Weight

N/A,Not Applicable
NA,Not Applicable
NACA,Natinal Adisory Commitee for Aeronautics
NAVAID,Navigation Aid
NBPT,No Break Power Transfere
NCD,Non Computed Data
ND,Navigation Display Beacon-Nav Database
NDB,Non,Directional
NW,Nosewheel
NWS,Nosewheel Steering
NGS,Nitrogen Generation System

O/P,Output
OAT,Outside Air Temperature
OBRM,On Board Replaceable Module
OEB,Operations Engineering Bulletin
OFF/R,Off Reset
OFST,Offset
OIS,Onboard Information System
OIT,Onboard Information Terminal
OMTS,On-Board Mobile Telephony System
OP,Open
OPP,Opposite
OPS,Operations
OPT,Optimum
OUTB,Outbound
OUTR,Outer
OVBD,Overboard
OVHD,Overhead
OVHT,Overheat
OVRD,Override
OVSPD,Overspeed
OXY,Oxygen
O/B,On Board
O/R,On Request
O/T,On Test / Other Times
OA,Operational Aerodrome
OAC,Oceanic Area Control
OACC,Oceanic Area Control Center
OAS,Obstacle Assessment Surface
OAT,Outside Air Temperature
OBL,Obstruction Light
OBS,Observe / Observed / Observation
OBSC,Obscure / Obscured / Obscuring
OBST,Obstacle / Obstruction
OCA,Obstacle Clearance Altitude / Oceanic Control Area
OCC,Operations Control Center
OCD,Oceanic Clearance Delivery Service
OCH,Obstacle Clearance Height
OCL,Obstacle Clearance Limit
OCM,Oceanic Clearance Message
OCNL,Occasional
OCS,Obstacle Clearance Surface
OCT,October
ODALS,Omni-Directional Approach Lighting System
OEI,One Engine Inoperative
OEP,Oceanic Entry Point
OFP,Operational Flight Plan
OFZ,Obstacle Free Zone
OHD,Overhead
OK,We Agree
OLR,Off-Load Route
OM,Operations Manual / Outer Marker
ONC,Operational Navigation Chart
OPC,Operational Control
OPMET,Operational METEO INFO
OPN,Open
OPR,Operational / Operator / Operate / Operative / Operating
OPS,Operations
OpSpec,Operations Specification
OR,Occurrence Report
ORCA,Oceanic Route Clearance Authorization
OTA,Oceanic Tailored Arrival
ORD,Operational Requirements Document / Order
OTLK,Outlook
OTP,On Top
OTR,Oceanic Transition Route
OTS,Organised Track System (NAT) / Out of Service / Other than Standard
OUBD,Outbound
OVC,Overcast

OAT,Outside Air Temperature
OEU,Overhead Electronics Unit
OEW,Operational Empty Weight
OFAR,Overhead Flight Attendants Rest
OFCR,Overhead Flight Crew Rest
OM,Outer Marker
OPAS,Overhead Panel Arinc 629 System
OPUL,Overspeed Protection Unit Left
OPUR,Overspeed Protection Unit Right
OSS,Over Station Sensor
OUTBD,Outboard
OUTBD DSPL,Outboard Display
OVHD,Overhead
OVHT,Overheat
OVRD,Override
OXY,Oxygen
OAT,Outside Air Temperature
OFST,Offset
OP,Open
OVHT,Overheat
OVRD,Override
OXY,Oxygen

P/N,Part Number
PN,Part Number
PA,Passenger Address
P-ALT,Profile Altitude
PAX,Passenger
PBE,Portable Breathing Equipmentsenger
P-CLB,Profile Climb
P-DES,Profile Descent
PDB,Performance Data Base
PED,Pedestal
PERF,Performance
PES,Passenger Entertainment System
PF,Pilot Flying
PFD,Primary Flight Display
PHC,Probes Heat Computer
PIM,Programming and Indication Module
P-MACH,Profile Mach
PMV,Pressure Maintenance Valve
PNF,Pilot Non Flying
PNL,Panel
POB,Pressure Off Brake
POS,Position
PPOS,Present Position
PR,Pressure
PRAM,Prerecorded Announcement and Music
PRED,Prediction
PRESS,"Pressure, Pressurization"
PRIM,Primary
PR,Partial
PROC,Procedure
PROC T,Procedure Turn
PROF,Profile
PROG,Progress
PROT,Protection
PRV,Pressure Regulating valve
PSCU,Proximity Switch Control Unit
P-SPEED,Profile Speed
PSL,Product Structure Level
PT,Point
PTLU,Pedal Travel Limiter Unit
PTT,Push To Talk
PVI,Paravisual Indicator
PW,Pratt & Whitney
PWR,Power
PWS,Portable Water System
P...,Prohibited Area (Followed by Identification) / RVR Indicates VIS > Highest ReportableSensor Value (e.g. P600ft) / Papa (AWY Designator)
P/L,Power Levers
PA,Precision Approach / Pressure Altitude
PAC,Pacific Region
PACOTS,Pacific Organised Track System
PAEW,Personnel and Equipment Working
PAL,Pilot Activated Lighting
PALS,Precision Approach Lighting System
PANS,Procedures for Air Navigation Services
PANS-ATM,Procedures for Air Navigation Services - Air Traffic Management
PANS-OPS,Procedures for Air Navigation Services / Aircraft Operations
PAPA,Parallax ACFT Parking Aid
PAPI,Precision Approach Path Indicator
PAR,Precison Approach Radar
PARA,Paragraph
PARL,Parallel
PASI,Passive Approach Slope Indicator
PAX,Passenger(s)
PBN,Performance-Based Navigation
PCD,Proceed / Proceeding
PCL,Pilot Controlled Lighting
PCN,Pavement Classification Number
PDC,Pre Departure Clearance Delivery
PDG,Procedure Design Gradient
PDP,Pre-Determined Point
PDR,Pre-Determined Route
PDT,Pacific Daylight Time
PED,Portable Electronic Device
PER,Performance
PERM,Permanent
PET,Point of Equal Time
PFC,Pilot Preflight Check
PFD,Planned Flight Data / Primary Flight Display
PFL,Preflight
PIC,Pilot in Command
PIL,Pilot
PIREP,Pilot (Weather) Report
PJE,Parachute Jumping Exercises
PK WND,Peak Wind
PL,Ice Pellets
PLA,Practice Low Approach
PLASI,Pulse Light Approach Slope Indicator
PLVL,Present Level
PMCS,Pilot to MET Communication
PN,Prior Notice Required
PNF,Pilot Not-Flying
PNO,Precipitation Amount Not AVBL
PNR,Point of No Return / Prior Notice Required
PO,Dust Devils / Dust / Sand Whirls
POB,Persons on Board
POD,Point of Decision
POFZ,Precision Obstacle Free Zone
POR,Point of Reclearance
POS,Position Report Message
PPC,Pilot Preflight Check
PPI,Plan Position Indicator
PPO,Prior Permission Only
PPP,Pre-Determined Point Procedure
PPR,Prior Permission Required
PPSN,Present Position
PR,Pilot Report / Partial, Covering Part of Aerodrome
PRA,Precision Radar Approach
PrefA,Preflight Alternate
PRES,Pressure
PRESFR,Pressure Falling Rapidly
PRESRR,Pressure Rising Rapidly
PRI,Primary
PRKG,Parking
PRM,Precision Runway Monitor / Preferred Route Message
P-RNAV,Precision Area Navigation
PROB,Probability
PROC,Procedure
PROHIB,Prohibited Area
PROP,Propeller ACFT
PROV,Provision / Provisional
PS,Plus
PSBL,Possible
PSG,Passing
PSI,Pounds per Square Inch
PSN,Position
PSR,Packed Snow on RWY / Primary Surveillance Radar / Point of Safe Return
PST,Pacific Standard Time
PSTN,Public Switched Telephone Network
PT,Point / Procedure Turn
PTO,Part Time Operation / Please Turn Over
PTS,Polar Track Structure
PVT,Private
PWINO,Precipitation Identifier Not AVBL
PWR,Power
PY,Sea Spray

PA,Passenger Air Temperature
PASS,Passenger
PERF,Performance
PERF INIT,Performance Initialization
PF,Pilot Flying
PFD,Primary Flight Display
PM,Pilot Monitoring
PNL,Panel
POS,Position
PPOS,Present Position
PRES or PRESS , Prssure
PREV,Previous
PROG,Progress
PROX,Proximity
PSI,Pounds Per Square Inch
PTH,Path
PTT,Push To Talk
PWR,Power
PWS,Predictive Windshear System

PA,Passenger Address
PAPI,Pricision Approach Path Indicator
PAR,Pricision Approach Radar
PASS,Passenger
PC,Personal Computer
PCU,Power Control Unit
PDS,Primary Display System
PDU,Power Drive Unit
PERF INIT,Performance Initialization
PES,Passenger Entertainment System
PF,Pilot Flying
PFC,Primary Flight Computers
PFCS,Primary Flight Control System
PFD,Primary Flight Display
PI,Performance Inflight
PIP,Product Improvement Package
PLI,Pitch Limit Indicator
PM,Pilot Monitoring
PMC,Power Management Control
PMG,Permanent Magnet Generator
PNF,Pilot Not Flying
PNL,Panel
POS,Position
POS INIT,Position Initialization
PPC,Power Panel Controller
PRESS,Pressure
PRI,Primary
PRSOV,Pressure Regulating and Shutoff Valve
PRSOVC,Pressure Regulating and Shutoff Valve Controller
PSA,Power Supply Assembly
PSEU,Proximly Sensor Electronic Unit
PSI,Pounds Per Square Inch
PSID,Pounds Per Square Inch Differntial
PSIG,Pounds Per Square Inch Gauge
PSU,Passenger Service Unit Power Supply Unit
PTT,Press To Test Push to Talk
PVD,Para-Visual Display
PWR,Power
PWS,Predictive Windshear

QAR,Quik Access Recorder
QCUU,Quantity Calculation And Control Unit
QFE,Field Elevation Atmosphere Pressure
QFU,Runway Heading
QNE,Sea level Standard Atmosphere Pressure( 1013hPa)
QNH,Sea Level  Atmosphere Pressure
QRH,Quik Refrence Handbook
QT,Quart(US)
Q,Quebec (AWY Designator)
QDM,Course to a Station, Magnetic HDG
QDR,Magnetic Bearing from a Station
QFE,Atmospheric Pressure at Aerodrome Elevation or at RWY Threshold
QFU,Magnetic Orientation of Runway
QNE,Standard Altimeter Setting (Height Above 1013.2 hPa)
QNH,Altimeter Setting Related to Pressure at Mean Sea Level
QTE,True Bearing
QTY,Quantity


QFE, Local Station Pressure
QNH, Local Station Pressure corrected MSL
QTY, Quantity
QFE,Local Station Pressure
QNE,Standard Altimeter (29.92IN/1013 Hpa)
QNH,Local Station Pressure Connected to MSL
QRH,Quik Reference Handbook
QTY,Quantity


R,Right
R/I,Radio/Inertial
RA,Radio Altitude
RA,Resolution Advisory
RACSB,Rotor Active Clearance Control Start Bleed
RAD,Radio
RAIM,Receiver Autonomous  Integrity Monitoring 
RAT,Ram Air Turbine
RATC,Remote ATC Box
RCDR,Recorder 
RCL,Recall
RCVR,Receiver
REAC,Reactive
REC,"Recovery,  Recommended "
RED,Reduction
REF,Reference
REG,Regulation
REL,Release
REV,Reverse 
RH,Right-Hard
RMI,Radio Magnetic  Indicator
RMP,Radio Management  Panel
RNAV,Area Navigation
RNG,Range
RNP,Required Navigation Performance
RPCU,Residual Pressure Control Unit
RPLNT,Repellent
RPM,Revolution  Per Minute
RPTG,Reapiting
RQRD,Requirde
RR,Rolls Royce
RSV,Reserves
RSVR,Reservoir
RTE,Route
RTL,Rudder Travel Limit
RTO,Rejected Takeoff
RTOW,Regulatory Takeoff Weight
RUD,Rudder 
R,Romeo/Red (AWY Designator)
R...,Radial in Degrees / Restricted Area (Followed by Identification Number)
R/T,Radiotelephony
RA,Resolution Advisory (TCAS/ACAS) / Radio Altimeter Height / Rain
RAAS,Remote Aerodrome Advisory Service
RAC,Rules of the Air and Air Traffic Services
RAD,Route Availability Document / Radar / Radius
RAG,Runway Arresting Gear
RAI,Runway Alignment Indicator
RAIL,Runway Alignment Indicator Lights
RAIM,Receiver Autonomous Integrity Monitoring
RAPCON,Radar Approach Control Center
RAR,Rules and Regulations
RASN,Rain and Snow
RB,Rescue Boat
RCA,Reach Cruising Altitude
RCAG,Remote Communications Air Ground Facility
RCC,Rescue Coordination Center
RCD,Request for Departure Clearance Downlink
RCF,Radio Communication Failure/Reduced Contingency Fuel
RCL,Runway Center Line / Request for Clearance
RCLE,Request Level Change En-Route
RCLL,Runway Center Line Lights
RCLM,Runway Center Line Markings
RCLR,Recleared
RCLS,Runway Center Line Lighting System
RCO,Remote Communications Outlet
RCP,Required Communications Performance
RCR,Runway Condition Reading
RCV,Received
RDARA,Regional and Domestic Air Route Area
RDD,Radar Digitized Display
RDH,Reference Datum Height
RDI,Radio Direction Indicator
RDL,Radial
RDO,Radio
RDOACT CLD,Radio Active Cloud
RDR,Radar Departure Route
RE,Recent
REA,Ready Message
REC,Receiver
REDL,Runway Edge Lights
REF,Reference to
REFL,Refuelling
REG,Registration
REGL,Regular
REIL,Runway End Identifier Lights
REL,Runway Entrance Lights
RENL,Runway End Lights
REP,Report / Reporting / Reporting Point / Ramp Entrance Point
REQ,Request / Requesting
RESA,Runway End Safety Area
RESP,Response / Respective
RESTR,Restrict / Restricted
RET,Rapid Exit Taxiway
RETIL,Rapid Exit Taxiway Indicator Lights
REUP,Recent Precipitation, Type not Identified
REV,Revision / Reversal
RF,Radio Facility / Radius to Fix
RFC,Route Facility Chart
RFF,Rescue and Fire Fighting
RFL,Requested Flight Level
RFP,Replacement Flight Plan
RG,Range
Rgnl,Regional
RGS,Remote Ground Station
RH,Right Hand
RHA,Runway Holding Area
RIF,Reclearance In-Flight
RIL,Runway Intersection Lights
RILS,Runway Identification Lights
RL,Report Leaving / Rhumb Line
RLLS,Runway Lead-In Lighting System
RLNA,Requested Level Not Available
RLS,Runway Lighting System
RM,Route Manual
RMI,Radio Magnetic Indicator
RMK,Remark
RNAV,Area Navigation
RNG,Radio Range
RNP,Required Navigation Performance
RNPC,Required Navigation Performance Capability
RO,Roll Out RVR Value
ROC,Rate of Climb
ROD,Rate of Descent
ROFOR,Route Forecast
ROT,Runway Occupancy Time
RP,Reporting Point / Right Hand Pilot
RPL,Repetitive ATS Flight Plan
RPLC,Replaced or Replace
RPM,Revolutions per Minute
RPT,Repeat
RQMNT,Requirement
RRA (RRB, RRC, ...),Delayed MET Message
RSC,Rescue Sub-Center
RSCD,Runway Surface Condition
RSP,Required Surveillance Performance / Responder Beacon
RSR,En-Route Surveillance Radar
RST,Restrictions
RT,Right Turn
RTCA,Requirements and Technical Concepts for Aviation
RTD,Delayed Meteo Message
RTE,Route
RTF,Radiotelephony
RTHL,Runway Threshold Lights
RTIL,Runway Threshold Identification Lights
RTN,Return / Returned / Returning
RTNG,Routing
RTO,Rejected Take-Off
RTR,Radar Termination Range (NM)
RTS,Return to Service
RTZL,Runway Touchdown Zone Lights
RV,Rescue Vessel / Radar Vector
RVC,Radar Vectoring Chart
RVOP,Reduced Visibility Operations Plan
RVR,Runway Visual Range
RVR End,Runway Visual Range End
RVR Mid,Runway Visual Range Mid-Point
RVR TDZ,Runway Visual Range Touchdown Zone
RVRNO,RVR not AVBL
RVSM,Reduced Vertical Separation Minimum
RVV,Runway Visibility Value
RWL,Runway Lights
RWSL,Runway Status Lights
RWT,Ramp Weight
RWY,Runway
RVSM,Reduced Vertical Seperation Minimum
RWY,Runway

R,Right
RA,Radio Altitude Resolution Advisory
RAAS,Runway Awareness and Advisory System
RAD,Radio
RAT,Ram Air Turbine
RECIR or RECIRC ,Recirculation
REF,Reference
REV,Reverse, Reverser
RF,Radius-to-Fix Refill
RNAV,Area Navigation(RNAV)
RNP,Required Navigational Performance
RPM,Revolutions Per Minute
RST,Reset
R/T,Radio Transmitter
RTA,Required Time of Arrival
RTE,Route
RTO,Rejected Takeoff
RVSM,Reduced Vertical Separation Minimum

R,Right
RA,Radio Altitude Resolution Advisor
RAAS,Runway Awareness and Advisory System
RCL,Recall
RCP,Radio Communication Panel
REC,Recorder
RECIRC,Recirculation
REF,Reference
REL,Release
REQD,Required
RET,Retract
RF,Radio Frequency Refill
RH,Right Hand
RIB,Right Inboard
RLY,Relay
RMI,Radio Magnetic Indicator
RNAV,Area Navigation
RNP,Require Navigation Performance
ROB,Right Outboard
RPM,Revolutions Per Minute
RSCF,Right System Card file
RSEP,Rudder System Enhancement Program
RSV XFER,Reserve Transfer
RT,Receiver Transmitter
RTO,Rejected Take-off
RTOW,Rejected Take-off Weight
RTP,Radio Tuning Panel
RVDT,Rotary Variable Differntial Transformer
RVR,Runway Visual Range
RVSM,Reduced Vertical Separation Minimum
RWY,Runway

S,South
S/C,Step Climb
S/D,Shut Down
S/D,Step Descent
SF,Slats/Flaps
S/N,Serial Number
SN,Serial Number
SAAAR,Special Aircrew ard Aircraft Authorization Required
SAE,Society of Automotive  Engineers
SAT,Static Air Temperature
SATCOM,Satellite Communication
SC,Single Chime
SD,Single Display
SDAC,System  Data Acquisition  Concentrator
SDCU,Smoke Detection Control Unit
SDF,Smoke Detection Function Simplified  Directional  Facility
SEC,FLT CTL Secondary Computer  (FCSC)
SFCC,Slat/FIap Control Computer
SFE,Seller-Furnished Equipment
SID,Standard lnstrument Departure
SIM,Simulation
SIU,Server Interface Unit
SLFT(-PM),Sea Level Feet (-per minute)
SLEFT(-PM),Sea Level Feet (-per minute)
SLT,Stat
SPD,Speed
SPD LIM,Speed Limit
SPLR,Spoiled
SRS,Speed Reference  System
SSM,Sign Status Matrix
STAB,Trimmable  Horizontal Stabilizer 
STAR,Standard Terminal Arrival Route 
STAT,Static
STAT INV,Static Inverter 
STBY,Standby
STD,Standrd
STEER,Steering
s,Second(s)

S,South / Southern Latitude / Simple / Simplified / Sierra (AWY Desginator)
SA,METAR Designator / Sand / Special Authorization (Minima)
SAAAR,Special ACFT and Aircrew Authorization Required
SADIS,Satellite Distribution System
SAI,Special Airline Information
SALS,Simple Approach Lighting System
SALSF,Short Approach Lighting System with Sequenced Flashing Lights
SAM,South America Region / Slot Allocation Message
SAp,Stabilized Approach
SAR,Search and Rescue
SARPS,Standards and Recommended Practices
SAT,South Atlantic Region / Saturday / Satellite / Static Air Temperature
SATCOM,Satellite Communication
SATVOICE,Satellite Voice
SB,Southbound
SA,Sand
SBAS,Satellite-Based Augmentation System
SC,Stratocumulus
SCT,Scattered
SDBY,Standby
SDF,Simplified Directional Facility
SDFX,Step Down Fix
SE,South East
SEA,South East Asia Region
SEB,South-Eastbound
SEC,Second
SECT,Sector
SELCAL,Selective Calling System
SEP,September
SEQ,Sequence
SER,Service / Serving / Served
SEV,Severe
SFC,Surface
SFL,Sequence Flashing Lights
SFPL,Stored Flight Plan
SG,Snow Grain
SGL,Signal
SH,Showers of ...
SH,Shower
SHF,Super High Frequency (3000-30000MHZ)
SI,International System of Units of Measurement / Supplementary Information
SIA,Standard Instrument Approach
SID,Standard Instrument Departure
SIF,Selective Identification Feature
SIG,Significant
SIGMET,Significant Meteorological Information
SIGWX,Significant Weather
SIMUL,Simultaneous
SITA,Societe Internationale de Telecommunications Aeronautiques
SIWL,Single Isolated Wheel Load
SKC,Sky Clear
SKED,Schedule / Scheduled
SLOP,Strategic Lateral Offset Procedure
SLP,Speed Limiting Point / Sea Level Pressure
SLPNO,Sea Level Pressure Not Reported
SLR,Slush on Runway
SLT,Sleet
SLW,Slow
SM,Statute Mile(s)
SMB,Side Marker Board
SMC,Surface Movement Control
SMGCS,Surface Movement and Guidance Control System
SMO,Supplementary Meteorological Office
SMR,Surface Movement Radar
SN,Snow
SNINCR,Snowfall Increasing Rapidly
SNOCLO,AD Closed Due to Snow
SNOWTAM,Special NOTAM With INFO About RWY, TWY and APN Contamination and Friction Reports
SOC,Start of Climb
SOCAL,Southern California Terminal Radar Approach Control
SODALS,Simplified Omnidirectional Approach Lighting System
SOIA,Simultaneous Offset Instrument Approach
SOP,Standard Operating Procedure
SOR,System Objectives and Requirements
SOTA,Shannon Oceanic Transition Area
SP,SPECI Designator / South Pacific Region
SPEC,Special
SPECI,Aerodrome Special Meteorological Report
SPL,Supplementary Flight Plan
SPR,Southern Preferred Routes
SQ,Squalls
SQL,Squall Line
SR,Sunrise
SRA,Surveillance Radar Approach
SRE,Surveillance Radar Equipment
SRG,Short Range
SRM,Ships Route Manual
SRR,Search and Rescue Region
SRS,Standard Routing Scheme
SRY,Secondary
SS,Sunset / Sandstorm
SS,Sandstorm
SSALF,Simplified Short Approach Lighting System with Sequenced Flashing Lights
SSALR,Simplified Short Approach Lighting System with Runway Alignment Indicator Lights
SSALS,Simplified Short Approach Lighting System
SSB,Single Side Band
SSE,South South-East
SSR,Secondary Surveillance Radar
SSTP,Sidestep
SSW,South South-West
ST,Stratus
STA,Scheduled Time of Arrival / Straight-In Approach
STAR,Standard Instrument Arrival Route
STBY,Stand by
STD,Standard
STN,Station
STNR,Stationary
STOL,Short Take-Off and Landing
STPR,Standard Temperature
STS,Status
STWL,Stopway Light(s)
SUA,Special Use Airspace
SUBJ,Subject to
SUN,Sunday
SUP,Supplement
SUPPS,Regional Supplementary Procedures
SVC,Service Message
SVCBL,Servicable
SW,Single Wheel Landing Gear
SWAP,Severe Weather Avoidance Plan
SWB,South-Westbound
SWC,Significant Weather Chart
SWL,Single Wheel Loading
SWY,Stopway
STRG,Steering
STS,Status
SWTG,Switching
SYNC,Synchronize
SYS,System  

SAT,South
SATCOM,Satellite Communication, Static Air Temperature
SB,Service Bulletin
S/C,Step Climb
SDF,Simplified Directional Facility
SEL,Select
SELCAL,Selective Calling
SENS,Sensitivity
SERV,Service
SPD,Speed
STAB,Stabilizer
STBY,Standby
SYS,System
SUPR or SUPRNMRY,Supernumerary

S/C,Step Climb
SAARU,Secondary Altitude Air Data Reference Unit
SADM,Standby Air Data Module
SAI,Standby Altitude Indicator
SALT,Standby Altitude
SASI,Standby Airspeed Indicator
SAT,Static Air Temperature
SATCOM,Sattelite Communication
SCM,Signal Conditioning Module
SDF,Simplified Directional Facility
SDM,Speaker Drive Module
SEC,Secondary
SEL,Select/Selector
SELCAL,Selective Call
SENS,Sensitivity
SEPC,Secondary External Power Contactor
SERV,Service
SEU,Seat Electronic Unit
SID,Standard Instrument Departure
SIU,Signal Interface Unit
SOL,Solenold
SOV,Shutoff Valve
SPD,Speed
STA,Station
STAB,Stabilizer
STAR,Standard Terminal Arrival Route
STAT,Status
STBY,Standby
STC,Sensitivity Time Control
STCM,Stabilizer Trim Control Module
STD,Standard
STRTR,Starter
SVU,Seat Video Unit
SYN,Synchronize
SYNC,Synchroncus
SYS,System

T.TK,Trim Tank
TK,Tank
T.O.,Takeoff
T/O,Takeoff
TO,Takeoff
T/C,Top of Climb
T.O,Take Off
TACAN,Tactical Air  Navigation 
TACS,Taxi Aid Camera System 
TACT,Tactical
TAS,True Air Speed
TAU,Time  to  intercept
TBC,To Be Confirmed
TBD,To Be Determined
TBV,Transient Bleed VaIve
TDU,Temporary  Documentary  Unit

TFTS,Terrestrial Flight Telephon System
TGT,Target
THR,Thrust
THR HOLD,Throttle Hold
THS,Trimmable  Horizontal Stabilizer
TK,Tank
TKE,Track Anqle  Error
TLA,Throttle Lever Angle
TLU,Travel Limitation  Unit
TMR,Timer
TOGA,Takeoff - Go-Arourd
TOGW,Takeoff Gross Weight
TOW,Takeoff Weight
T-P,Turn  Point
TPIS,Tire Pressure lndicating System
TR,Transformer Rectifier Unit
T-R,Transmitter-Receiver
TRANS,Transition
TRK,Track
t,Ton(s)
T,Temperature / True (Bearing) / Tango (AWY Designator)
TA,Transition Altitude / Traffic Advisory / Tailored Arrival
TAA,Terminal Arrival Altitude
TAC,Terminal Area Chart
TACAN,UHF Tactical Air Navigation Aid
TAD,Terrain Awareness and Display (EGPWS)
TAF,Terminal Aerodrome Forecast
TAIL,Tail Wind
TAR,Terminal Area Surveillance Radar
TAS,True Air Speed
TAX,Taxiing or Taxi
TBD,To Be Determined
TC,Tropical Cyclone
TCA,Terminal Control Area / Tropical Cyclone Adivsory
TCAC,Tropical Cyclone Advisory Center
TCAS,Traffic Alert and Collision Avoidance System
TCF,Terrain Clearance Floor (EGWPS)
TCH,Threshold Crossing Height
TCU,Towering Cumulus
TD,Touchdown RVR Value
TDL,Touchdown Zone Lights
TDM,Track Definition Message
TDO,Tornado
TDWR,Terminal Doppler Weather Radar
TDZ,Touchdown Zone
TDZE,Touchdown Zone Elevation
TDZL,Touchdown Zone Lights
TEC,Tower En-Route Control
TEL,Telephone
TEMP,Temperature
Tempo,Temporary (Used on Lido Temporary Charts)
TEMPO,Temporary
TEND,Trend (Forecast)
TERPS,Terminal Instrument Procedures (U.S.)
TGL,Touch-and-Go Landing
TGS,Taxiing Guidance System
TH,Transition Height
THL,Take-off Hold Lights
THRL,Threshold Lights
THR,Threshold
THRU,Through
THU,Thursday
TI,Temporary Instructions
TIBA,Traffic Information Broadcast by ACFT
TIL,Until
TIZ,Traffic Information Zone
TKOF,Take-Off
TL ...,Until
TLOF,Touchdown and Lift-Off Area
TLS,Taxiway Light System
TM,Transmissometer
TMA,Terminal Control Area
TMI,Track Message Identification
TMN,Terminates
TMU,Traffic Management Unit


TMZ,Transponder Mandatory Zone
TOBT,Target Off-Block Time
TOC,Top of Climb
TOD,Top of Descent
TODA,Take-Off Distance Available
TOF,Take-Off Fuel
TOM,Take-Off Mass
TOP,Cloud Top
TORA,Take-Off Run Available
TOS,Traffic Orientation Scheme
TOW,Take-Off Weight
TP,Turning Point
TR,Track / Transition
TR ALT,Transition Altitude
TR HGT,Transition Height
TR LEVEL,Transition Level
TRA,Temporary Reserved Airspace
TRACON,Terminal Radar Approach Control Facility
TRAG,Temporary Reserved Area (Gliding)
TRANS,Transmits / Transmitter
TRL,Transition Level
TRML,Terminal
TRNG,Training
TROP,Tropopause
TS,Thunderstorm
TSA,Temporary Segregated Area
TSAT,Target Start-up Approval Time
TSNO,Thunderstorm INFO not Available
TSR,Terminal Surveillance Radar
TT,True Track
TTF,Trend Forecast (Australia)
TUE,Tuesday
TURB,Turbulence
T-VASIS,T-Visual Approach Slope Indicator System
TVOR,Terminal VOR
TW,Twin Wheels
TWEB,Transcribed Weather Forecast
TWL,Taxiway Lights
TWR,Tower
TWY,Taxiway
TWYL,Taxiway Link / Taxiway Lights
TXT,Text
TX,Maximum temp
TN,Minimum Temp
TYP,Type of ACFT
TYPH,Typhoon
TROPO,Tropopause
TRV,Travel 
TSM,Trouble  Shooting Manual
TTG,Time to Go
TVMC,Minimum Control Speed Temperature
TWLU,Terminal Wireless LAN Unit
TL,Until

TA,Traffic Advisory
TAI,Thermal Anti-Ice
TAT,Total Air Temperature
T/C,Top of Climb
TCAS,Traffic Alert and Collision Avoidance System
T/D,Top of Descent
TEMP,Temperature
TERR,Terrain
TFC,Traffic
TFR,Transfer
THR,Throttle, Thrust
TK or TRK,Track
TO or T/0,Takeoff

TO/GA,Takeoff/Go-Around
TRU,TRUE
TURB,Turbine, Turbulence

T,Tailwind TRUE
T/O,Take Off
TA,Traffic Advisory
TAC,Thrust Asymmetry Compensation
TACAS,Traffic Alert & Collision Avoidance System
TAI,Thermal Anti-Ice
TAS,True Airspeed
TAT,Total Air Temperature
TBB,Transfer Bus Breaker
TCA,Terminal Control Area
TCAS,Traffic Alert and Collision Avoidance System
TCV,Temperature Control Valve
TDZ,Touchdown Zone
TE,Trailing Edge
TEMP,Temperature
TFC,Traffic
TFR,Transfer
TMC,Thrust Management Computer
TMCF,Thrust Management Computing Function
TMSP,Thrust Mode Select Panel
TO,Take-off
TO/GA,Take -off/Go-Around
TOC,Top Off Climb
TOD,Top Off Descent
TOW,Take-off Weight
TR,Traffic Resolution Transformer Rectifier
TRK,Track
TRU,Transformer Rectifier Unit
TSS,Tail Strike System
TURB,Turbulence
TVOR,Terminal VOR

ULB,Underwater Locator Beacon
UP,"Up,Upper"
UP,Unknown Precipitation
U,Uncategorized / Uniform (AWY Designator)
U/S,Unservicable
UAA,Upper Advisory Area
UAB,Until Advised by
UAC,Upper Area Control
UACC,Upper Area Control Center
UAR,Upper Air Route
UDA,Upper Advisory Area
UDF,Ultra High Frequency Direction Finding Station
UDR,Upper Advisory Route
UFN,Until Further Notice
UHF,Ultra High Frequency (300-3000MHZ)
UIC,Upper Information Center
UIR,Upper Flight Information Region
UL,Uplink
ULR,Ultra Long Range
UM,Uplink Message
UNA,Unable
UNCTL,Uncontrolled
UNICOM,Universal Communications
UNL,Unlimited
UNLGTD,Unlighted
UNREL,Unreliable
UPD,Updated
UPR DSPL,Upper Display
UPR,User Preferred Route
URL,Uniform Resource Locator (Web Site)
USAF,United States Air Force
USB,Upper Side Band
USG,U.S. Gallons
UTA,Upper Control Area
UWY,Upper Airway
UTC,Universal Coordinated Time

UNLK or UNLKD,Unlocked
USB,Upper Side Band
UTC,Coordinate Universal Time
UTIL,Utility
u.s.,United States
UB,Utility Bus
UNLKD,Unlocked
UPR,Upper
UPR DSPL,Upper Display
USB,Upper Sideband
UTC,Universal Time Co-ordinated

VAPP,Approack Speed
VBV,Variable Bypass Valve
VBW,Variable Bypass Value
VC,Ventilation Controller
VCC,Video Control Center
VDEV,Vertical Deviation
VEL,Velocity
VENT,Ventilation
Vert,Vertical
Vert REV,Vertical Revisor
VFE,Maximum Speed for each Flap configuration
VFEN,VFE Next
VFTO,Final Take off Speed
VHV,Very High Voltage
VIP,Vertical Intersection Point
VLE,Maximun Landing Gear Extended Speed
VLS,Lowest Selected Speed
VLV,Valve
V,Victor (AWY Designator)
V1,Take-Off Decision Speed
V2,Take-Off Safety Speed
V2 MIN,Minimum Take-Off Safety Speed
V3,Steady Initial Climb Speed with All Engines Operating
VA,Volcanic Ash
VAA,Volcanic Ash Advisory
VAAC,Volcanic Ash Advisory Center
VAC,Visual Approach Chart
VAN,Runway Control Van
VAR,Magnetic Variation / Visual-Aural Radio Range
VASI,Visual Approach Slope Indicator
VASIS,Visual Approach Slope Indicator System
VC,Vicinity of the Aerodrome / Vicinity
VDF,Very High Frequency Direction Finding Station
VDGS,Visual Docking Guidance System
VDL,VHF Data Link
VDM,Collocated VOR/DME
VDP,Visual Descent Point
VDR,VHF Data Radio
VDU,Visual Display Unit
VER,Vertical
VFR,Visual Flight Rules
VGP,VHF Ground Processor (Shanwick VHF Data Link System)
VGSI,Visual Glide Slope Indicator
VHF,Very High Frequency (30-300MHZ)
VIP,Very Important Person
VIS,Visibility
VISNO,Visibility at 2nd Location Not Available
VLF,Very Low Frequency (3-30KHZ)
VLR,Very Long Range
VMC,Visual Meteorological Conditions
VNAP,Vertical Noise Abatement Procedures
VOLMET,Meteorological Information for ACFT in Flight
VOR/DME,VOR and DME Collocated
VORTAC,VOR and TACAN Combination
VOT,VOR Test Transmitter
VPA,Vertical Path Angle
VPT,Visual Maneuvering With Prescribed Tracks
VRB,Variable
VSA,By Visual Reference to the Gound
VSP,Vertical Speed
VT,Threshold Speed
VTOL,Vertical Take-Off and Landing
VV,Vertical Visibility
VZF,Zero Flap Minimum Safe Maneuvering Speed
VM,Maneuvering Speed
VMAX,Maximum Allowable Speed
VMCA,Minimum Control Speed in the Air
VMCG,Minimum Control Speed on Ground
VMCL,Minimum Control Speed at Landing
VMCL-2,Minimum control speed at landing with 2 engines inop one wing
VMIN,Minimum operating Speed
VMU,Minimum Unstick Speed
VOR,VHF Omnidirectional Range
VOR-D,VOR-DME
VS,References Stalling Speed
VSA,Visual Separation on Approach
VSV,Variable Stator Vane


VA,Design maneuvering Speed
VHF,Very High Frequency
VIB,Vibration
VMO,Maximum Operating Speed
VNAV,Vertical Navigation
VOR,VHF Omnidirectional Range
VR,Rotation Speed
VREF,Reference Speed
VSI,Vertical Speed Indicator
V/S,Vertical Speed
VTK,Vertical Track
V1,Takeoff Decision Speed
V2,Takeoff Safety Speed

V,Volt(s)
V1,Take-off Decision Speed
V2,Scheduled Take-off Target Speed
VA,Design Manoeuvring Speed
VASI,Visual Approach Slope Indicator
VCU,Valve Control Unit
VDP,Visual Descent Point
VEF,Speed At Engine Failure
VFR,Visual Flight Rules
VHF,Very High Frequency(30-300 MHz)
VIGV,Variable Intet Guide Vanes
VLE,Landing Gear Extended Speed
VL0,Landing Gear Operating Speed
VLOF,Lift Off Speed
VMC,Visual Meteorological Conditions
VMCA,Minimum Control Speed Air
VMCG,Minimum Control Speed Ground
VMO,Maximum Operating Speed
VNAV,Vertical Navigation
VOL,Volume
VOR,VHF Omni Directional Range
VHF,Omni Range
VR,Rotation Speed
VREF,Reference Speed
VS,Vertical Speed
VSD,Vertical Situation Display
VSI,Vertical Speed Indication Vertical Speed Indicator
VTK,Vertical Track
VTO,Volumetric Top-Off

WARN,Warning
WBC,Weight and Balance Computer
WBM,Weight and Balance Manual
WBS,Weight and Balance System
WHC,Window Heat Computer
WNDW,Window
WPT,Waypoint
WS,Wireless System
WSHLD,WindShield
WTB,Wing Tip Brake
w,with (Used only for Minima Charting)
W,West / Western Longitude / White / Whiskey (AWY Designator)
W/P,Area Navigation Waypoint
WA,AIRMET Designator
WAAS,Wide Area Augmentation System
WAC,World Aeronautical Chart
WAFC,World Area Forecast Center
WAFS,World Area Forecast System
WAH,When Able Higher
WAM,Wide Area Multilateration
WATIR,Weather and Terminal Information Reciter
WATRS,Western Atlantic Route System
WB,Westbound
WBAR,Wing Bar Lights
WC,Wind Component / Tropical Cyclone (SIGMET Designator)
WDI,Wind Direction Indicator
WDSPR,Widespread
WE,Weekend
WED,Wednesday
WEE,Whichever is Earlier
WEF...,With Effect From ...
WEH,Whichever is Higher
WEL,Whichever is Later
WGS-84,World Geodetic System 1984
WI,Within
WID,Width / Wide
WIE,With Immediate Effect / Effective Immediately
WILCO,Will Comply
WIP,Work in Progress
WKD,Weekday
WKLY,Weekly
WKN,Weaken / Weakening
WMO,World Meteorological Organization
WND,Wind
WNW,West North-West
wo,Without (Used only for Minima Charting)
WP,Waypoint / Waypoint Restriction
WPR,Waypoint Position Reporting
WRNG,Warning
WS,Windshear / SIGMET Designator
WSHFT,Wind Shift
WSP,Weather System Processor
WSPD,Windspeed
WSW,West South-West
WT,Weight
WTC,Wake Turbulence Category
WTH,Wheel to Threshold Height
WTSPT,Waterspout
WTWS,Windshear and Turbulence Warning System
WUT,Wheels-Up Time
WV,Volcanic Ash (SIGMET)
WW,Severe Weather Watch Bulletins
WX,Weather

W,Warm,West
WAI,Wing Anti-Ice
WHL,Wheel
WPT,Waypoint
WT,Weight
WXR,Weather Radar
WAI,Wing Anti-Ice
WEU,Warning Electronic Unit
WGS-84,World Geodetic System Of 1984
WOW,Weight On Wheels
WPT,Waypoint
WT,Weight
WX,Weather
WXR,Weather Radar

XCVR,Tranceiver
XFR,Transfer
XMTR,Transmitter
X,Cross
XBAR,Crossbar
XCP,Accept
XMITS,Transmits
XNG,Crossing
XPC,Expect
XPLOS,Explosive
XT,Extend
XTDG,Extending
XTVS,Extensive
XW,Crosswind

XPDR or XPNDR,Transponder
XTK,Cross Track
X Feed,Crossfeed
X-BLD,Crossbleed
XFR,Transfer
XTK,Cross Track

Y,Yankee (AWY Designator)
YCZ,Yellow Caution Zone
YD,Yard(s)
YR,Your
YDR,Yaw Damper

Z,Coordinated Universal Time (in MET messages) / Zulu (AWY Designator)
ZFM,Zero Fuel Mass
ZFW,Zero Fuel Weight
ZFWCG,Zero Fuel Weight Center of Gravity
ZFW,Zero Fuel Weight
ZMU,Zone Management Unit
ZFCG,Zero Fuel Center of Gravity
ZFW,Zero Fuel Weight
ZFWCG,Zero Fuel Weight Center of Gravity
..R,Right (Runway Designator)
...V...,Variation from the Mean Wind Direction
C,Degree(s) Celsius
F,Degree(s) Fahrenheit

